fixture_id,goals_home,goals_away,awarded,awarded_to_team_id,source_kind,source,note
1224099,0,2,true,,official,https://www.dfb.de/news/dfb-bundesgericht-weist-berufung-von-union-berlin-zurueck,"Union Berlin-Bochum, BL1 14 Dec 2024: played 1-1, awarded 0-2"
93198,0,0,true,80,match_reports,https://www.corsenetinfos.corsica/Commission-de-discipline-de-la-LFP-Match-perdu-pour-le-Sporting-face-a-Lyon-et-trois-matches-a-huis-clos-sur-terrain_a27164.html https://www.espn.com/soccer/story/_/id/37521073/bastia-forfeit-abandoned-lyon-game-lfp-commission-says,"Bastia-Lyon, L1 16 Apr 2017: abandoned at half-time, lost by Bastia with no score set"
21650,0,3,true,,official,https://www.figc.it/it/federazione/news/corte-sportiva-d-appello-respinto-il-ricorso-del-sassuolo-confermato-lo-0-3-con-il-pescara/,"Sassuolo-Pescara, SA 28 Aug 2016: played 2-1, awarded 0-3"
1252618,0,3,true,,match_reports,https://worldsoccertalk.com/news/cristiano-ronaldo-gets-major-boost-from-spl-as-al-nassrs-afc-champions-league-hopes-reignite/ https://www.besoccer.com/new/ronaldo-s-al-nassr-reap-rewards-from-ineligible-player-scandal-1360303,"Al Orubah-Al Nassr, SPL 28 Feb 2025: played 2-1, awarded 0-3"
1074761,0,3,true,,official,https://www.tff.org/default.aspx?pageID=246&ftxtID=43023,"Istanbulspor-Trabzonspor, TSL 19 Dec 2023: abandoned at 1-2, awarded 0-3"
1238054,3,0,true,,official,https://www.tff.org/default.aspx?pageID=246&ftxtID=46746,"Galatasaray-Adana Demirspor, TSL 9 Feb 2025: abandoned at 1-0, awarded 3-0"
1213268,5,0,true,,official,https://www.proleague.be/fr/informations/le-derby-anversois-se-termine-sur-un-score-de-5-0-le-beerschot-est-condamne-a-une-amende-de-50-000-euro-et-les-statistiques-sont-retenues,"Antwerp-Beerschot, BPL 29 Sep 2024: abandoned at 4-0, awarded 5-0"
828366,2,0,false,,official,https://www.kleague.com/match.do?year=2022&leagueId=1&gameId=174&meetSeq=1&startTabNum=3,"Seongnam-Ulsan, KL1 4 Sep 2022: played 2-0"
884568,0,3,true,,official,https://www.tff.org/default.aspx?pageID=687&ftxtID=39572,"Gaziantep FK-Trabzonspor, TSL 19 Mar 2023: not played after Gaziantep's withdrawal, awarded 0-3"
