metric_id,entity,label_i18n_key,label_en,description,base_relation,numerator_expr,denominator_expr,computation_kind,format,metric_group,importance_tier,direction,interpretation,metric_group_order
league_rank,team,metrics.league_rank.label,League position,The team's position in its league table.,,,,sourced,integer,outcomes,1,lower_better,League position - 1 = top of the table,9
points_won,team,metrics.points_won.label,Points won,"Points the team won: 3 for a win, 1 for a draw, none for a defeat.",int_legs__team_match,sum(case result when 'W' then 3 when 'D' then 1 else 0 end),,expression,points_fraction,outcomes,1,higher_better,Points tally in the window (3 per win / 1 per draw / 0 per loss),9
goals_per_match,team,metrics.goals_per_match.label,Ø Goals,Average number of goals the team scored per match.,int_legs__team_match,sum(goals),count(*),expression,decimal_1,goals,1,higher_better,Attacking output - goals scored per game; high = a potent attack,1
goals_against_per_match,team,metrics.goals_against_per_match.label,Ø Goals against,Average number of goals the team conceded per match.,int_legs__team_match,sum(goals_against),count(*),expression,decimal_1,goals,1,lower_better,Defensive vulnerability - goals conceded per game; low = a mean defence,1
clean_sheets_pct,team,metrics.clean_sheets_pct.label,% Clean sheets,"Matches in which the team conceded no goal, as a share of all its matches.",int_legs__team_match,countif(goals_against = 0),count(*),expression,percent,goals,2,higher_better,Shut-out rate - the share of matches conceding zero; high = reliable at the back,1
goals_penalty,team,metrics.goals_penalty.label,Penalty goals,"Goals the team scored from penalties, not counting penalty shoot-outs.",int_legs__team_match,sum(goals_penalty),,expression,integer,goals,3,higher_better,Penalty goals - goals from the spot; they count toward the result and often reward pressure that wins fouls,1
goals_own,team,metrics.goals_own.label,Own goals,"Own goals by the team's opponents, which count for the team.",int_legs__team_match,sum(goals_own),,expression,integer,goals,3,higher_better,Own goals for - goals from opponents' own nets in the team's favour; they count toward the result and are often pressure-forced,1
goals_open_play,team,metrics.goals_open_play.label,Open-play goals,"Goals the team scored, not counting penalties and opponents' own goals.",int_legs__team_match,sum(goals - goals_penalty - goals_own),,expression,integer,goals,3,higher_better,Open-play goals - goals from open play (excl. penalties and own goals); the core attacking output,1
shots_per_match,team,metrics.shots_per_match.label,Ø Shots,Average number of shots the team took per match.,int_legs__team_match,sum(shots),count(*),expression,decimal_1,shooting,2,higher_better,Shot volume - attacking attempts per game; high = more attacking threat (volume not shot quality),2
shots_on_goal_pct,team,metrics.shots_on_goal_pct.label,% Shots on goal,The team's shots on target as a share of all its shots.,int_legs__team_match,sum(shots_on_target),sum(shots),expression,percent,shooting,2,higher_better,Striking precision - share of shots on goal,2
shots_inside_box_pct,team,metrics.shots_inside_box_pct.label,% Shots from box,The team's shots from inside the penalty area as a share of all its shots.,int_legs__team_match,sum(shots_inside_box),sum(shots),expression,percent,shooting,2,higher_better,Chance quality - share of shots from inside the box; high = better positions,2
shots_on_goal_per_match,team,metrics.shots_on_target_per_match.label,Ø Shots on goal,Average number of shots on target the team had per match.,int_legs__team_match,sum(shots_on_target),count(*),expression,decimal_1,shooting,1,higher_better,On-target threat - efforts testing the keeper; high = sustained threat,2
finishing_efficiency_pct,team,metrics.finishing_efficiency_pct.label,% Goals per shot on goal,"Goals the team scored, not counting penalties and opponents' own goals, as a share of its shots on target.",int_legs__team_match,sum(goals - goals_penalty - goals_own),sum(shots_on_target),expression,percent,shooting,1,higher_better,Clinical finishing - open-play goals per shot on goal; high = ruthless,2
finishing_efficiency_player_pct,player,playerMetrics.finishingEfficiency.label,% Goals per shot on goal,"Goals the player scored, not counting penalties, as a share of the player's shots on target.",int_legs__player_match,sum(goals - goals_penalty),sum(shots_on_target),expression,percent,shooting,2,higher_better,Clinical finishing - open-play goals per shot on target; high = a ruthless finisher,2
duels_per_match,team,metrics.duels_per_match.label,Ø Duels,"Average number of one-on-one challenges for the ball, on the ground or in the air, that the team's players contested per match.",int_legs__team_from_players,sum(duels),count(*),expression,decimal_0,one_on_one,2,higher_better,Duel engagement - duels contested per game; high = a physically engaged side (volume; can also reflect a side under sustained pressure),4
duels_won_pct,team,metrics.duels_won_pct.label,% Duels won,"One-on-one challenges for the ball, on the ground or in the air, that the team's players won, as a share of those they contested.",int_legs__team_from_players,sum(duels_won),sum(duels),expression,percent,one_on_one,2,higher_better,Duel success - share of duels won; high = wins the physical battle,4
duels_won_player_pct,player,playerMetrics.duels.wonPct,% Duels won,"One-on-one challenges for the ball, on the ground or in the air, that the player won, as a share of those the player contested.",int_legs__player_match,sum(duels_won),sum(duels),expression,percent,one_on_one,1,higher_better,Duel success - share of 1v1 contests won; high = wins the physical battle,4
defensive_actions_per_match,team,metrics.defensive_actions_per_match.label,Ø Defensive actions,"Average number of tackles, interceptions and blocks the team's players made per match.",int_legs__team_from_players,sum(tackles + interceptions + blocks),count(*),expression,decimal_1,defending,2,higher_better,Defensive activity - tackles + interceptions + blocks per game; high = an active ball-winning defence (volume; can also reflect a side often defending),5
tackles_per_match,team,metrics.tackles_per_match.label,Ø Tackles,Average number of tackles the team's players made per match.,int_legs__team_from_players,sum(tackles),count(*),expression,decimal_1,defending,3,higher_better,Tackling volume - more ball-winning challenges per game is better all else equal; high can also reflect a side that defends more,5
interceptions_per_match,team,metrics.interceptions_per_match.label,Ø Interceptions,Average number of opponents' passes the team's players intercepted per match.,int_legs__team_from_players,sum(interceptions),count(*),expression,decimal_1,defending,3,higher_better,Interception volume - more passes read and cut out per game is better all else equal; high can also reflect a side that defends more,5
blocks_per_match,team,metrics.blocks_per_match.label,Ø Blocks,Average number of shots the team's players blocked per match.,int_legs__team_from_players,sum(blocks),count(*),expression,decimal_1,defending,3,higher_better,Block volume - more shots blocked per game is better all else equal; high can also reflect a side under sustained pressure,5
passes_per_match,team,metrics.passes_per_match.label,Ø Passes,Average number of passes the team attempted per match.,int_legs__team_match,sum(passes),count(*),expression,decimal_0,passing,3,higher_better,Possession volume - passes played per game; high = sees more of the ball; low = a more direct style (accuracy shows how securely it is kept),3
passes_accuracy_pct,team,metrics.passes_accuracy_pct.label,% Pass accuracy,"The team's passes that reached a teammate, as a share of all its passes.",int_legs__team_match,sum(passes_accurate),sum(passes),expression,percent,passing,2,higher_better,Passing security - completion rate; high = keeps the ball well,3
passes_key_per_match,team,metrics.passes_key_per_match.label,Ø Key passes,Average number of passes per match by the team's players that led directly to a teammate's shot.,int_legs__team_from_players,sum(passes_key),count(*),expression,decimal_1,passing,2,higher_better,Creativity - passes leading to a shot; high = creates chances,3
corners_per_match,team,metrics.corners_per_match.label,Ø Corners,Average number of corner kicks the team won per match.,int_legs__team_match,sum(corners),count(*),expression,decimal_1,set_pieces,3,higher_better,Corners won - high = sustained attacking pressure (a weak proxy),8
corners_against_per_match,team,metrics.corners_against_per_match.label,Ø Corners against,Average number of corner kicks the team conceded per match.,int_legs__team_match,sum(corners_against),count(*),expression,decimal_1,set_pieces,3,lower_better,Corners conceded - low = less defensive pressure faced (a weak proxy),8
saves_pct,team,metrics.saves_pct.label,% Shots saved,"The team's saves as a share of its saves plus the goals it conceded, own goals not counted.",int_legs__team_match,sum(saves),sum(saves + goals_against - goals_own_against),expression,percent,goalkeeping,2,higher_better,Shot-stopping - share of on-target shots saved; high = strong keeping,7
goals_player,player,playerMetrics.scorerPoints.goals,Goals,"Goals the player scored, penalties included and own goals not.",int_legs__player_match,sum(goals),,expression,integer,goals,1,higher_better,Scoring output - goals scored in the window; high = a productive goalscorer (a raw count so it also tracks minutes played),1
assists_player,player,playerMetrics.scorerPoints.assists,Assists,Goals the player set up for a teammate.,int_legs__player_match,sum(assists),,expression,integer,goals,1,higher_better,Creative output - goals set up in the window; high = a productive creator (a raw count so it also tracks minutes played),1
goals_penalty_player,player,playerMetrics.goalsPenalty.label,Penalty goals,"Goals the player scored from penalties, not counting penalty shoot-outs.",int_legs__player_match,sum(goals_penalty),,expression,integer,goals,3,higher_better,Penalty goals - goals from the spot; they count toward the result and reward taking and converting penalties,1
goals_open_play_player,player,playerMetrics.goalsOpenPlay.label,Open-play goals,"Goals the player scored, not counting penalties.",int_legs__player_match,sum(goals - goals_penalty),,expression,integer,goals,3,higher_better,Open-play goals - goals from open play (excl. penalties); the player's core attacking output,1
penalty_won_player,player,playerMetrics.penalties.won,Penalties won,Penalties awarded for fouls on the player.,int_legs__player_match,sum(penalties_won),,expression,integer,goals,3,higher_better,Penalties won - spot kicks earned in the window; high = draws fouls in dangerous areas (rare enough that small differences mean little),1
shots_on_goal_player,player,playerMetrics.shotsOnTarget.label,Shots on goal,Shots on target the player had.,int_legs__player_match,sum(shots_on_target),,expression,integer,shooting,1,higher_better,On-target threat - efforts that tested the keeper; high = a persistent goal threat (a raw count so it also tracks minutes played),2
duels_won_player,player,playerMetrics.duels.won,Duels won,"One-on-one challenges for the ball, on the ground or in the air, that the player won.",int_legs__player_match,sum(duels_won),,expression,integer,one_on_one,1,higher_better,Duels won - physical 1v1 contests won in the window; high = comes out on top in physical battles (a volume read; the duel win rate captures efficiency),4
duels_player,player,playerMetrics.duels.total,Duels,"One-on-one challenges for the ball, on the ground or in the air, that the player contested.",int_legs__player_match,sum(duels),,expression,integer,one_on_one,1,higher_better,Duel engagement - 1v1 contests entered in the window; high = a physically involved player (a volume read; can also reflect a side under pressure),4
dribbles_success_player,player,playerMetrics.dribbles.success,Dribbles completed,Dribbles in which the player got past an opponent.,int_legs__player_match,sum(dribbles_success),,expression,integer,one_on_one,1,higher_better,Take-ons completed - opponents beaten on the dribble; high = a dangerous ball-carrier (a volume read; the success rate captures reliability),4
dribbles_attempts_player,player,playerMetrics.dribbles.attempts,Dribbles attempted,Times the player tried to dribble past an opponent.,int_legs__player_match,sum(dribbles),,expression,integer,one_on_one,1,higher_better,Take-ons attempted - times the player ran at an opponent; high = willing to take players on (a volume read; the success rate shows how often it comes off),4
dribbles_success_player_pct,player,playerMetrics.dribbles.successPct,% Dribbles completed,"Dribbles in which the player got past an opponent, as a share of the player's attempts to dribble past one.",int_legs__player_match,sum(dribbles_success),sum(dribbles),expression,percent,one_on_one,1,higher_better,Share of take-ons completed; high = a reliable dribbler.,4
tackles_player,player,playerMetrics.defensiveActions.tackles,Tackles,Tackles the player made.,int_legs__player_match,sum(tackles),,expression,integer,defending,1,higher_better,Tackling volume - challenges won in the window; high = an active ball-winner (also reflects how much the side has to defend),5
interceptions_player,player,playerMetrics.defensiveActions.interceptions,Interceptions,Opponents' passes the player intercepted.,int_legs__player_match,sum(interceptions),,expression,integer,defending,1,higher_better,Interception volume - passes read and cut out; high = anticipates play well (also reflects how much the side has to defend),5
blocks_player,player,playerMetrics.defensiveActions.blocks,Blocks,Shots the player blocked.,int_legs__player_match,sum(blocks),,expression,integer,defending,1,higher_better,Block volume - shots blocked in the window; high = throws the body in (often for a side under sustained pressure),5
dribbles_past_player,player,playerMetrics.dribbles.past,Dribbled past,Times an opponent dribbled past the player.,int_legs__player_match,sum(dribbles_against),,expression,integer,defending,2,lower_better,Times beaten - dribbled past by an opponent; low = hard to get past (a raw count so it also tracks how often the player is the one defending),5
passes_accurate_player,player,playerMetrics.passAccuracy.accurate,Accurate passes,The player's passes that reached a teammate.,int_legs__player_match,sum(passes_accurate),,expression,integer,passing,1,higher_better,Completed passes - passes that found a team-mate; high = heavily involved in possession (a volume read; the completion rate captures security),3
passes_player,player,playerMetrics.passAccuracy.total,Passes,Passes the player attempted.,int_legs__player_match,sum(passes),,expression,integer,passing,1,higher_better,Passing volume - passes attempted in the window; high = a possession-anchoring role; low = a more direct or less involved one (a raw count so it also tracks minutes played),3
passes_accuracy_player_pct,player,playerMetrics.passAccuracy.label,% Pass accuracy,"The player's passes that reached a teammate, as a share of all the player's passes.",int_legs__player_match,sum(passes_accurate),sum(passes),expression,percent,passing,1,higher_better,Share of passes completed; high = a secure and reliable passer.,3
passes_key_player,player,playerMetrics.keyPasses.label,Key passes,The player's passes that led directly to a teammate's shot.,int_legs__player_match,sum(passes_key),,expression,integer,passing,1,higher_better,Chance creation - passes leading directly to a shot; high = a creative hub (a raw count so it also tracks minutes played),3
cards_yellow_player,player,playerMetrics.cards.yellow,Yellow cards,Yellow cards the player received.,int_legs__player_match,sum(cards_yellow),,expression,integer,discipline,1,lower_better,Cautions - yellow cards shown in the window; low = stays on the right side of the referee (high can reflect an aggressive role as much as poor discipline),6
cards_red_player,player,playerMetrics.cards.red,Red cards,Red cards the player received.,int_legs__player_match,sum(cards_red),,expression,integer,discipline,1,lower_better,Dismissals - red cards shown in the window; low = avoids leaving the team a man short (rare enough that a single card dominates the count),6
offsides_player,player,playerMetrics.offsides.label,Offsides,Times the player was caught offside.,int_legs__player_match,sum(offsides),,expression,integer,discipline,2,lower_better,Offside calls - times caught beyond the last defender; low = better timed runs (high can reflect a striker who plays the shoulder rather than poor movement),6
penalty_committed_player,player,playerMetrics.penalties.committed,Penalties conceded,Penalties the player gave away.,int_legs__player_match,sum(penalties_committed),,expression,integer,discipline,3,lower_better,Penalties conceded - fouls given in the team's own box; low = defends cleanly in dangerous areas (rare enough that small differences mean little),6
saves_player,player,playerMetrics.savePct.saves,Saves,Shots on target the player saved in goal.,int_legs__player_match,sum(saves),,expression,integer,goalkeeping,1,higher_better,Save volume - shots on goal kept out; high = a busy keeper facing plenty of work (volume also tracks shots faced so it is not shot-stopping quality; the save rate captures that),7
shots_on_goal_against_player,player,playerMetrics.savePct.faced,Shots on goal faced,Shots on target the player faced in goal: the player's saves plus the goals conceded while the player was in goal.,int_legs__player_match,sum(saves + goals_against),,expression,integer,goalkeeping,1,lower_better,On-target shots faced - efforts the keeper had to deal with; low = a well-protected goal (a workload read; it says more about the defence than the keeper),7
saves_player_pct,player,playerMetrics.savePct.label,% Shots saved,The player's saves as a share of the player's saves plus the goals conceded while the player was in goal.,int_legs__player_match,sum(saves),sum(saves + goals_against),expression,percent,goalkeeping,1,higher_better,Share of shots on goal saved; high = a strong shot-stopper.,7
shots_player,player,playerMetrics.shots.label,Shots,Shots the player took.,int_legs__player_match,sum(shots),,expression,integer,shooting,2,higher_better,Shot volume - attempts on and off target; high = shoots often (volume not shot quality; a raw count so it also tracks minutes played),2
goals_against_player,player,playerMetrics.goalsConceded.label,Goals conceded,Goals the team conceded while the player was in goal.,int_legs__player_match,sum(goals_against),,expression,integer,goalkeeping,1,lower_better,Goals conceded - goals let in while the player was on the pitch; low = kept the goal intact (a team outcome; it reflects the defence as much as the individual),7
shots_share_pct,team,metrics.shots_share_pct.label,% Share of shots,The team's shots as a share of all shots in its matches.,int_legs__team_match,sum(shots),sum(shots + shots_against),expression,percent,shooting,2,higher_better,Shooting dominance - share of the match's shots; high = controls the chances (deserved-vs-actual input),2
points_capture_pct,team,metrics.points_capture_pct.label,% Points captured,Points the team won as a share of the 3 points per match it could have won.,int_legs__team_match,sum(case result when 'W' then 3 when 'D' then 1 else 0 end),3 * count(*),expression,percent,outcomes,2,higher_better,Results efficiency - share of available points won (deserved-vs-actual input),9
scorer_points_player,player,playerMetrics.scorerPoints.label,Goal contributions,The player's goals plus assists.,int_legs__player_match,sum(goals + assists),,expression,integer,goals,1,higher_better,Goal involvement - goals plus assists in the window; high = directly decisive in front of goal (a raw count so it also tracks minutes played),1
defensive_actions_player,player,playerMetrics.defensiveActions.label,Defensive actions,"Tackles, interceptions and blocks the player made.",int_legs__player_match,sum(tackles + interceptions + blocks),,expression,integer,defending,1,higher_better,Defensive activity - tackles plus interceptions plus blocks; high = a busy ball-winner (a volume read; also reflects how much the side has to defend),5
cards_player,player,playerMetrics.cards.label,Cards,Yellow and red cards the player received.,int_legs__player_match,sum(cards_yellow + cards_red),,expression,integer,discipline,1,lower_better,Disciplinary record - yellow plus red cards; low = a clean record (a two-yellow dismissal counts as 3 because the provider logs a yellow plus a red),6
goals_per90,player,playerMetrics.goalsPer90.label,Ø Goals per 90,"Goals the player scored, penalties included and own goals not, per 90 minutes played.",int_legs__player_match,sum(goals) * 90,sum(minutes),expression,decimal_1,goals,2,higher_better,Scoring frequency; high = a prolific and dependable goalscorer.,1
assists_per90,player,playerMetrics.assistsPer90.label,Ø Assists per 90,Goals the player set up for a teammate per 90 minutes played.,int_legs__player_match,sum(assists) * 90,sum(minutes),expression,decimal_1,goals,2,higher_better,How often the player creates goals for others; high = a frequent creator.,1
scorer_points_per90,player,playerMetrics.scorerPointsPer90.label,Ø Goal contributions per 90,The player's goals plus assists per 90 minutes played.,int_legs__player_match,sum(goals + assists) * 90,sum(minutes),expression,decimal_1,goals,2,higher_better,Total goal involvement (goals + assists); high = drives the team's attacking output.,1
shots_on_goal_per90,player,playerMetrics.shotsOnTargetPer90.label,Ø Shots on goal per 90,Shots on target the player had per 90 minutes played.,int_legs__player_match,sum(shots_on_target) * 90,sum(minutes),expression,decimal_1,shooting,2,higher_better,How often the player tests the keeper; high = a persistent attacking threat.,2
passes_key_per90,player,playerMetrics.keyPassesPer90.label,Ø Key passes per 90,"The player's passes that led directly to a teammate's shot, per 90 minutes played.",int_legs__player_match,sum(passes_key) * 90,sum(minutes),expression,decimal_1,passing,2,higher_better,Shot-creating passes; high = a creative hub who makes chances.,3
dribbles_success_per90,player,playerMetrics.dribblesSuccessPer90.label,Ø Dribbles completed per 90,"Dribbles in which the player got past an opponent, per 90 minutes played.",int_legs__player_match,sum(dribbles_success) * 90,sum(minutes),expression,decimal_1,one_on_one,2,higher_better,Take-ons completed; high = a dangerous ball-carrier who beats opponents.,4
passes_per90,player,playerMetrics.passesPer90.label,Ø Passes per 90,Passes the player attempted per 90 minutes played.,int_legs__player_match,sum(passes) * 90,sum(minutes),expression,decimal_1,passing,2,higher_better,More passes played per 90 is better all else equal; volume also reads as role - high = a possession-anchoring role; low = a more direct one,3
tackles_per90,player,playerMetrics.tacklesPer90.label,Ø Tackles per 90,Tackles the player made per 90 minutes played.,int_legs__player_match,sum(tackles) * 90,sum(minutes),expression,decimal_1,defending,2,higher_better,More tackles per 90 is better all else equal; volume also reads as role - high = an aggressive ball-winner; can also reflect a side often defending,5
interceptions_per90,player,playerMetrics.interceptionsPer90.label,Ø Interceptions per 90,Opponents' passes the player intercepted per 90 minutes played.,int_legs__player_match,sum(interceptions) * 90,sum(minutes),expression,decimal_1,defending,2,higher_better,More interceptions per 90 is better all else equal; volume also reads as role - high = reads play and steps into passing lanes,5
blocks_per90,player,playerMetrics.blocksPer90.label,Ø Blocks per 90,Shots the player blocked per 90 minutes played.,int_legs__player_match,sum(blocks) * 90,sum(minutes),expression,decimal_1,defending,2,higher_better,More blocks per 90 is better all else equal; volume also reads as role - high = throws the body in; often for a side under pressure,5
defensive_actions_per90,player,playerMetrics.defensiveActionsPer90.label,Ø Defensive actions per 90,"Tackles, interceptions and blocks the player made per 90 minutes played.",int_legs__player_match,sum(tackles + interceptions + blocks) * 90,sum(minutes),expression,decimal_1,defending,2,higher_better,More defensive actions (tackles + interceptions + blocks) per 90 is better all else equal; volume also reads as role - high = a deep block or an aggressive press,5
duels_won_per90,player,playerMetrics.duelsWonPer90.label,Ø Duels won per 90,"One-on-one challenges for the ball, on the ground or in the air, that the player won, per 90 minutes played.",int_legs__player_match,sum(duels_won) * 90,sum(minutes),expression,decimal_1,one_on_one,2,higher_better,More duels won per 90 is better all else equal; this is a volume read - the duel win rate captures efficiency,4
saves_per90,player,playerMetrics.savesPer90.label,Ø Saves per 90,Shots on target the player saved in goal per 90 minutes played.,int_legs__player_match,sum(saves) * 90,sum(minutes),expression,decimal_1,goalkeeping,2,higher_better,More saves per 90 is better all else equal; volume also tracks shots faced so it is not shot-stopping quality - the save rate captures that,7
shots_on_goal_difference_per_match,team,metrics.shots_on_goal_difference_per_match.label,Ø Shots on goal difference,Average per match of the team's shots on target minus its opponents' shots on target.,int_legs__team_match,sum(shots_on_target - shots_on_target_against),count(*),expression,decimal_1,shooting,1,higher_better,On-target dominance - on-target shots created minus conceded per game; high = the process deserves results (deserved-vs-actual input),2
shots_on_goal_against_per_match,team,metrics.shots_on_goal_against_per_match.label,Ø Shots on goal against,Average number of shots on target the team's opponents had per match.,int_legs__team_match,sum(shots_on_target_against),count(*),expression,decimal_1,shooting,1,lower_better,On-target threat conceded - opponent shots on target per game; low = limits clear chances (deserved-vs-actual input),2
deserved_rank,team,metrics.deserved_rank.label,Deserved position,"The team's position in its league when the teams are ordered by deserved points, most first.",,,,model,integer,outcomes,2,lower_better,Deserved league position - 1 = the most points the process deserved; where the process says the team should sit,9
deserved_points,team,metrics.deserved_points.label,Deserved points,"Points the team would have won if its points per match followed its shots-on-target difference per match, as the two relate across its league season.",,,,model,integer,outcomes,2,higher_better,Deserved points - what the season's on-target dominance was worth; compare it against the real points total,9
deserved_points_gap,team,metrics.deserved_points_gap.label,Deserved-points gap,The points the team won in its played matches minus its deserved points.,,,,model,integer,outcomes,2,neutral,"Deserved-vs-actual gap - actual minus deserved points; negative = results lag the process (due a correction), positive = results flatter it (regression risk). A narrative, not good or bad",9
deserved_points_gap_rank,team,metrics.deserved_points_gap_rank.label,Deserved-points gap rank,"The team's position in its league when the teams are ordered by deserved-points gap, the most negative first.",,,,model,integer,outcomes,3,neutral,"Deserved-points gap position - 1 = the most under-rewarded team of the league, the last position the most over-rewarded; an ordering, not good or bad",9
contribution_player_pct,player,playerMetrics.contributionShare.label,% Share of team goals,The player's goals plus assists as a share of the goals the club scored on the pitch in that competition season.,,,,cross_grain,percent,goals,2,neutral,"Share of the club's goals the player was involved in; high = central to the team's attack, but position-dependent (a defender's naturally-low share is not a negative). A style/role read, not good or bad.",1
minutes_per_appearance,player,playerMetrics.minutesPerAppearance.label,Ø Minutes per appearance,Average minutes the player was on the pitch per match in which the player played.,int_legs__player_match,sum(minutes),countif(minutes > 0),expression,decimal_0,playing_time,2,neutral,"Average minutes per appearance; high = a full-90 regular, low = a rotation or impact-sub role. A playing-time role read, not good or bad.",10
goals,team,metrics.goals.label,Goals,Goals the team scored.,int_legs__team_match,sum(goals),,expression,integer,goals,2,higher_better,"Attacking output - goals scored; high = a potent attack (a raw count, so it rises with matches played; the per-match rate is the comparable read)",1
goals_against,team,metrics.goals_against.label,Goals against,Goals the team conceded.,int_legs__team_match,sum(goals_against),,expression,integer,goals,2,lower_better,"Defensive vulnerability - goals conceded; low = a mean defence (a raw count, so a side that has played fewer matches shows a lower total without defending better; the per-match rate is the comparable read)",1
corners,team,metrics.corners.label,Corners,Corner kicks the team won.,int_legs__team_match,sum(corners),,expression,integer,set_pieces,2,higher_better,"Corners won - high = sustained attacking pressure (a weak proxy for threat, and a raw count, so it rises with matches played)",8
saves,team,metrics.saves.label,Saves,Shots on target the team's goalkeepers saved.,int_legs__team_match,sum(saves),,expression,integer,goalkeeping,2,higher_better,"Shot-stopping volume - saves made; high = more shots kept out, which can reflect strong goalkeeping or a defence under sustained pressure",7
shots_inside_box,team,metrics.shots_inside_box.label,Shots from box,Shots the team took from inside the penalty area.,int_legs__team_match,sum(shots_inside_box),,expression,integer,shooting,3,higher_better,"Box shot volume - attempts taken from inside the area; high = more attempts from good positions (volume, not positional quality - shots_inside_box_pct is what measures that; a raw count, so it rises with matches played)",2
clean_sheets,team,metrics.clean_sheets.label,Clean sheets,Matches in which the team conceded no goal.,int_legs__team_match,countif(goals_against = 0),,expression,integer,goals,2,higher_better,"Shut-outs kept - matches conceding zero; high = reliable at the back (a raw count, so it rises with matches played)",1
cards_yellow,team,metrics.cards_yellow.label,Yellow cards,Yellow cards the team's players received.,int_legs__team_match,sum(cards_yellow),,expression,integer,discipline,2,lower_better,"Cautions - yellow cards collected over the season; low = disciplined, high = a side that fouls to stop play (a raw count, so it rises with matches played)",6
cards_red,team,metrics.cards_red.label,Red cards,Red cards the team's players received.,int_legs__team_match,sum(cards_red),,expression,integer,discipline,2,lower_better,"Dismissals - red cards collected over the season; low = keeps eleven on the pitch (rare enough that a single card dominates the count; a raw count, so it rises with matches played)",6
