table_name,column_name,metric_id,variant,window_column,metric_key_column
mart_competition_fixtures,goals_away,goals,away,,
mart_competition_fixtures,goals_home,goals,home,,
mart_fixture_standing_context,league_rank,league_rank,,,
mart_head_to_head,goals_against,goals_against,,,
mart_head_to_head,goals_for,goals,,,
mart_head_to_head,last_meeting_goals_against,goals_against,last_meeting,,
mart_head_to_head,last_meeting_goals_for,goals,last_meeting,,
mart_head_to_head,recent_meetings.goals_against,goals_against,recent_meetings,,
mart_head_to_head,recent_meetings.goals_for,goals,recent_meetings,,
mart_leaderboards,assists_player,assists_player,,,
mart_leaderboards,blocks_player,blocks_player,,,
mart_leaderboards,cards_player,cards_player,,,
mart_leaderboards,cards_red_player,cards_red_player,,,
mart_leaderboards,cards_yellow_player,cards_yellow_player,,,
mart_leaderboards,defensive_actions_player,defensive_actions_player,,,
mart_leaderboards,dribbles_attempts_player,dribbles_attempts_player,,,
mart_leaderboards,dribbles_success_player,dribbles_success_player,,,
mart_leaderboards,dribbles_success_player_pct,dribbles_success_player_pct,,,
mart_leaderboards,duels_player,duels_player,,,
mart_leaderboards,duels_won_player,duels_won_player,,,
mart_leaderboards,duels_won_player_pct,duels_won_player_pct,,,
mart_leaderboards,finishing_efficiency_player_pct,finishing_efficiency_player_pct,,,
mart_leaderboards,goals_player,goals_player,,,
mart_leaderboards,interceptions_player,interceptions_player,,,
mart_leaderboards,passes_accuracy_player_pct,passes_accuracy_player_pct,,,
mart_leaderboards,passes_key_player,passes_key_player,,,
mart_leaderboards,passes_player,passes_player,,,
mart_leaderboards,saves_player,saves_player,,,
mart_leaderboards,saves_player_pct,saves_player_pct,,,
mart_leaderboards,scorer_points_player,scorer_points_player,,,
mart_leaderboards,shots_on_goal_player,shots_on_goal_player,,,
mart_leaderboards,sort_value,assists_player,,,metric_key
mart_leaderboards,sort_value,cards_red_player,,,metric_key
mart_leaderboards,sort_value,cards_yellow_player,,,metric_key
mart_leaderboards,sort_value,defensive_actions_player,,,metric_key
mart_leaderboards,sort_value,dribbles_attempts_player,,,metric_key
mart_leaderboards,sort_value,duels_player,,,metric_key
mart_leaderboards,sort_value,finishing_efficiency_player_pct,,,metric_key
mart_leaderboards,sort_value,goals_player,,,metric_key
mart_leaderboards,sort_value,passes_accuracy_player_pct,,,metric_key
mart_leaderboards,sort_value,passes_key_player,,,metric_key
mart_leaderboards,sort_value,passes_player,,,metric_key
mart_leaderboards,sort_value,saves_player,,,metric_key
mart_leaderboards,sort_value,shots_on_goal_player,,,metric_key
mart_leaderboards,tackles_player,tackles_player,,,
mart_matchday_insights,away_corners_against_per_match_recent,corners_against_per_match,away_form,,
mart_matchday_insights,away_corners_per_match_recent,corners_per_match,away_form,,
mart_matchday_insights,away_finishing_efficiency_pct_recent,finishing_efficiency_pct,away_form,,
mart_matchday_insights,away_goals_against_per_match_recent,goals_against_per_match,away_form,,
mart_matchday_insights,away_goals_per_match_recent,goals_per_match,away_form,,
mart_matchday_insights,away_league_rank,league_rank,away,,
mart_matchday_insights,away_passes_accuracy_pct_recent,passes_accuracy_pct,away_form,,
mart_matchday_insights,away_passes_per_match_recent,passes_per_match,away_form,,
mart_matchday_insights,away_points_won_sum_form,points_won,away_form,,
mart_matchday_insights,away_saves_pct_recent,saves_pct,away_form,,
mart_matchday_insights,away_shots_inside_box_pct_recent,shots_inside_box_pct,away_form,,
mart_matchday_insights,away_shots_on_goal_pct_recent,shots_on_goal_pct,away_form,,
mart_matchday_insights,away_shots_per_match_recent,shots_per_match,away_form,,
mart_matchday_insights,home_corners_against_per_match_recent,corners_against_per_match,home_form,,
mart_matchday_insights,home_corners_per_match_recent,corners_per_match,home_form,,
mart_matchday_insights,home_finishing_efficiency_pct_recent,finishing_efficiency_pct,home_form,,
mart_matchday_insights,home_goals_against_per_match_recent,goals_against_per_match,home_form,,
mart_matchday_insights,home_goals_per_match_recent,goals_per_match,home_form,,
mart_matchday_insights,home_league_rank,league_rank,home,,
mart_matchday_insights,home_passes_accuracy_pct_recent,passes_accuracy_pct,home_form,,
mart_matchday_insights,home_passes_per_match_recent,passes_per_match,home_form,,
mart_matchday_insights,home_points_won_sum_form,points_won,home_form,,
mart_matchday_insights,home_saves_pct_recent,saves_pct,home_form,,
mart_matchday_insights,home_shots_inside_box_pct_recent,shots_inside_box_pct,home_form,,
mart_matchday_insights,home_shots_on_goal_pct_recent,shots_on_goal_pct,home_form,,
mart_matchday_insights,home_shots_per_match_recent,shots_per_match,home_form,,
mart_player_career,assists_player,assists_player,,,
mart_player_career,goals_player,goals_player,,,
mart_player_career,minutes_per_appearance,minutes_per_appearance,,,
mart_player_competition_benchmarks,metric_value,assists_per90,,,metric_key
mart_player_competition_benchmarks,metric_value,blocks_per90,,,metric_key
mart_player_competition_benchmarks,metric_value,defensive_actions_per90,,,metric_key
mart_player_competition_benchmarks,metric_value,dribbles_success_per90,,,metric_key
mart_player_competition_benchmarks,metric_value,dribbles_success_player_pct,,,metric_key
mart_player_competition_benchmarks,metric_value,duels_won_per90,,,metric_key
mart_player_competition_benchmarks,metric_value,duels_won_player_pct,,,metric_key
mart_player_competition_benchmarks,metric_value,finishing_efficiency_player_pct,,,metric_key
mart_player_competition_benchmarks,metric_value,goals_per90,,,metric_key
mart_player_competition_benchmarks,metric_value,interceptions_per90,,,metric_key
mart_player_competition_benchmarks,metric_value,passes_accuracy_player_pct,,,metric_key
mart_player_competition_benchmarks,metric_value,passes_key_per90,,,metric_key
mart_player_competition_benchmarks,metric_value,passes_per90,,,metric_key
mart_player_competition_benchmarks,metric_value,saves_per90,,,metric_key
mart_player_competition_benchmarks,metric_value,saves_player_pct,,,metric_key
mart_player_competition_benchmarks,metric_value,scorer_points_per90,,,metric_key
mart_player_competition_benchmarks,metric_value,shots_on_goal_per90,,,metric_key
mart_player_competition_benchmarks,metric_value,tackles_per90,,,metric_key
mart_player_fixture_stats,cards_red,cards_red_player,,,
mart_player_fixture_stats,cards_yellow,cards_yellow_player,,,
mart_player_fixture_stats,dribbles_attempts,dribbles_attempts_player,,,
mart_player_fixture_stats,dribbles_past,dribbles_past_player,,,
mart_player_fixture_stats,dribbles_success,dribbles_success_player,,,
mart_player_fixture_stats,duels_total,duels_player,,,
mart_player_fixture_stats,duels_won,duels_won_player,,,
mart_player_fixture_stats,goals_against,goals_against_player,,,
mart_player_fixture_stats,goals_assists,assists_player,,,
mart_player_fixture_stats,goals_total,goals_player,,,
mart_player_fixture_stats,offsides,offsides_player,,,
mart_player_fixture_stats,passes_key,passes_key_player,,,
mart_player_fixture_stats,passes_total,passes_player,,,
mart_player_fixture_stats,penalty_committed,penalty_committed_player,,,
mart_player_fixture_stats,penalty_scored,goals_penalty_player,,,
mart_player_fixture_stats,penalty_won,penalty_won_player,,,
mart_player_fixture_stats,saves,saves_player,,,
mart_player_fixture_stats,shots_on,shots_on_goal_player,,,
mart_player_fixture_stats,shots_total,shots_player,,,
mart_player_fixture_stats,tackles_blocks,blocks_player,,,
mart_player_fixture_stats,tackles_interceptions,interceptions_player,,,
mart_player_fixture_stats,tackles_total,tackles_player,,,
mart_player_match_log,cards_red,cards_red_player,,,
mart_player_match_log,cards_yellow,cards_yellow_player,,,
mart_player_match_log,dribbles_attempts,dribbles_attempts_player,,,
mart_player_match_log,dribbles_success,dribbles_success_player,,,
mart_player_match_log,duels_total,duels_player,,,
mart_player_match_log,duels_won,duels_won_player,,,
mart_player_match_log,goals_against,goals_against,,,
mart_player_match_log,goals_assists,assists_player,,,
mart_player_match_log,goals_for,goals,,,
mart_player_match_log,goals_total,goals_player,,,
mart_player_match_log,passes_key,passes_key_player,,,
mart_player_match_log,passes_total,passes_player,,,
mart_player_match_log,saves,saves_player,,,
mart_player_match_log,shots_on,shots_on_goal_player,,,
mart_player_match_log,shots_total,shots_player,,,
mart_player_match_log,tackles_interceptions,interceptions_player,,,
mart_player_match_log,tackles_total,tackles_player,,,
mart_player_momentum,blocks_player,blocks_player,,window_type,
mart_player_momentum,cards_red_player,cards_red_player,,window_type,
mart_player_momentum,cards_yellow_player,cards_yellow_player,,window_type,
mart_player_momentum,dribbles_attempts_player,dribbles_attempts_player,,window_type,
mart_player_momentum,dribbles_past_player,dribbles_past_player,,window_type,
mart_player_momentum,dribbles_success_player,dribbles_success_player,,window_type,
mart_player_momentum,dribbles_success_player_pct,dribbles_success_player_pct,,window_type,
mart_player_momentum,duels_player,duels_player,,window_type,
mart_player_momentum,duels_won_player,duels_won_player,,window_type,
mart_player_momentum,duels_won_player_pct,duels_won_player_pct,,window_type,
mart_player_momentum,goals_assists,assists_player,,window_type,
mart_player_momentum,goals_total,goals_player,,window_type,
mart_player_momentum,interceptions_player,interceptions_player,,window_type,
mart_player_momentum,offsides_player,offsides_player,,window_type,
mart_player_momentum,passes_accuracy_player_pct,passes_accuracy_player_pct,,window_type,
mart_player_momentum,passes_accurate_player,passes_accurate_player,,window_type,
mart_player_momentum,passes_key_player,passes_key_player,,window_type,
mart_player_momentum,passes_player,passes_player,,window_type,
mart_player_momentum,penalty_committed_player,penalty_committed_player,,window_type,
mart_player_momentum,penalty_won_player,penalty_won_player,,window_type,
mart_player_momentum,saves_player,saves_player,,window_type,
mart_player_momentum,saves_player_pct,saves_player_pct,,window_type,
mart_player_momentum,shots_on,shots_on_goal_player,,window_type,
mart_player_momentum,tackles_player,tackles_player,,window_type,
mart_player_profile,assists_player,assists_player,,,
mart_player_profile,assists_player_delta_yoy,assists_player,delta_yoy,,
mart_player_profile,assists_player_prev_season,assists_player,prev_season,,
mart_player_profile,assists_player_prev_season_full,assists_player,prev_season_full,,
mart_player_profile,assists_player_this_season,assists_player,this_season,,
mart_player_profile,blocks_player,blocks_player,,,
mart_player_profile,cards_red_player,cards_red_player,,,
mart_player_profile,cards_yellow_player,cards_yellow_player,,,
mart_player_profile,contribution_player_pct,contribution_player_pct,,,
mart_player_profile,defensive_actions_player_delta_yoy,defensive_actions_player,delta_yoy,,
mart_player_profile,defensive_actions_player_prev_season,defensive_actions_player,prev_season,,
mart_player_profile,defensive_actions_player_prev_season_full,defensive_actions_player,prev_season_full,,
mart_player_profile,defensive_actions_player_this_season,defensive_actions_player,this_season,,
mart_player_profile,dribbles_attempts_player,dribbles_attempts_player,,,
mart_player_profile,dribbles_past_player,dribbles_past_player,,,
mart_player_profile,dribbles_success_player,dribbles_success_player,,,
mart_player_profile,dribbles_success_player_pct,dribbles_success_player_pct,,,
mart_player_profile,duels_player,duels_player,,,
mart_player_profile,duels_won_player,duels_won_player,,,
mart_player_profile,duels_won_player_pct,duels_won_player_pct,,,
mart_player_profile,goals_open_play_player,goals_open_play_player,,,
mart_player_profile,goals_penalty_player,goals_penalty_player,,,
mart_player_profile,goals_player,goals_player,,,
mart_player_profile,goals_player_delta_yoy,goals_player,delta_yoy,,
mart_player_profile,goals_player_prev_season,goals_player,prev_season,,
mart_player_profile,goals_player_prev_season_full,goals_player,prev_season_full,,
mart_player_profile,goals_player_this_season,goals_player,this_season,,
mart_player_profile,interceptions_player,interceptions_player,,,
mart_player_profile,offsides_player,offsides_player,,,
mart_player_profile,passes_accuracy_player_pct,passes_accuracy_player_pct,,,
mart_player_profile,passes_accurate_player,passes_accurate_player,,,
mart_player_profile,passes_key_player,passes_key_player,,,
mart_player_profile,passes_key_player_delta_yoy,passes_key_player,delta_yoy,,
mart_player_profile,passes_key_player_prev_season,passes_key_player,prev_season,,
mart_player_profile,passes_key_player_prev_season_full,passes_key_player,prev_season_full,,
mart_player_profile,passes_key_player_this_season,passes_key_player,this_season,,
mart_player_profile,passes_player,passes_player,,,
mart_player_profile,penalty_committed_player,penalty_committed_player,,,
mart_player_profile,penalty_won_player,penalty_won_player,,,
mart_player_profile,saves_player,saves_player,,,
mart_player_profile,saves_player_pct,saves_player_pct,,,
mart_player_profile,scorer_points_player,scorer_points_player,,,
mart_player_profile,shots_on_goal_against_player,shots_on_goal_against_player,,,
mart_player_profile,shots_on_goal_player,shots_on_goal_player,,,
mart_player_profile,shots_on_goal_player_delta_yoy,shots_on_goal_player,delta_yoy,,
mart_player_profile,shots_on_goal_player_prev_season,shots_on_goal_player,prev_season,,
mart_player_profile,shots_on_goal_player_prev_season_full,shots_on_goal_player,prev_season_full,,
mart_player_profile,shots_on_goal_player_this_season,shots_on_goal_player,this_season,,
mart_player_profile,tackles_player,tackles_player,,,
mart_player_season_record,blocks_player,blocks_player,,window_type,
mart_player_season_record,cards_red_player,cards_red_player,,window_type,
mart_player_season_record,cards_yellow_player,cards_yellow_player,,window_type,
mart_player_season_record,dribbles_attempts_player,dribbles_attempts_player,,window_type,
mart_player_season_record,dribbles_past_player,dribbles_past_player,,window_type,
mart_player_season_record,dribbles_success_player,dribbles_success_player,,window_type,
mart_player_season_record,dribbles_success_player_pct,dribbles_success_player_pct,,window_type,
mart_player_season_record,duels_player,duels_player,,window_type,
mart_player_season_record,duels_won_player,duels_won_player,,window_type,
mart_player_season_record,duels_won_player_pct,duels_won_player_pct,,window_type,
mart_player_season_record,goals_assists,assists_player,,window_type,
mart_player_season_record,goals_total,goals_player,,window_type,
mart_player_season_record,interceptions_player,interceptions_player,,window_type,
mart_player_season_record,offsides_player,offsides_player,,window_type,
mart_player_season_record,passes_accuracy_player_pct,passes_accuracy_player_pct,,window_type,
mart_player_season_record,passes_accurate_player,passes_accurate_player,,window_type,
mart_player_season_record,passes_key_player,passes_key_player,,window_type,
mart_player_season_record,passes_player,passes_player,,window_type,
mart_player_season_record,penalty_committed_player,penalty_committed_player,,window_type,
mart_player_season_record,penalty_won_player,penalty_won_player,,window_type,
mart_player_season_record,saves_player,saves_player,,window_type,
mart_player_season_record,saves_player_pct,saves_player_pct,,window_type,
mart_player_season_record,scorer_points_player,scorer_points_player,,window_type,
mart_player_season_record,shots_on,shots_on_goal_player,,window_type,
mart_player_season_record,tackles_player,tackles_player,,window_type,
mart_standings,standing_rank,league_rank,,,
mart_team_competition_benchmarks,metric_value,blocks_per_match,,,metric_key
mart_team_competition_benchmarks,metric_value,clean_sheets_pct,,,metric_key
mart_team_competition_benchmarks,metric_value,corners_against_per_match,,,metric_key
mart_team_competition_benchmarks,metric_value,corners_per_match,,,metric_key
mart_team_competition_benchmarks,metric_value,defensive_actions_per_match,,,metric_key
mart_team_competition_benchmarks,metric_value,duels_per_match,,,metric_key
mart_team_competition_benchmarks,metric_value,duels_won_pct,,,metric_key
mart_team_competition_benchmarks,metric_value,finishing_efficiency_pct,,,metric_key
mart_team_competition_benchmarks,metric_value,goals_against_per_match,,,metric_key
mart_team_competition_benchmarks,metric_value,goals_per_match,,,metric_key
mart_team_competition_benchmarks,metric_value,interceptions_per_match,,,metric_key
mart_team_competition_benchmarks,metric_value,passes_accuracy_pct,,,metric_key
mart_team_competition_benchmarks,metric_value,passes_key_per_match,,,metric_key
mart_team_competition_benchmarks,metric_value,passes_per_match,,,metric_key
mart_team_competition_benchmarks,metric_value,saves_pct,,,metric_key
mart_team_competition_benchmarks,metric_value,shots_inside_box_pct,,,metric_key
mart_team_competition_benchmarks,metric_value,shots_on_goal_against_per_match,,,metric_key
mart_team_competition_benchmarks,metric_value,shots_on_goal_difference_per_match,,,metric_key
mart_team_competition_benchmarks,metric_value,shots_on_goal_pct,,,metric_key
mart_team_competition_benchmarks,metric_value,shots_on_goal_per_match,,,metric_key
mart_team_competition_benchmarks,metric_value,shots_per_match,,,metric_key
mart_team_competition_benchmarks,metric_value,tackles_per_match,,,metric_key
mart_team_fixture_stats,corner_kicks,corners,,,
mart_team_fixture_stats,goalkeeper_saves,saves,,,
mart_team_fixture_stats,goals_against,goals_against,,,
mart_team_fixture_stats,goals_for,goals,,,
mart_team_fixture_stats,red_cards,cards_red,,,
mart_team_fixture_stats,shots_inside_box,shots_inside_box,,,
mart_team_fixture_stats,yellow_cards,cards_yellow,,,
mart_team_fixtures,goals_against,goals_against,,,
mart_team_fixtures,goals_for,goals,,,
mart_team_leaderboards,sort_value,cards_red,,,metric_key
mart_team_leaderboards,sort_value,cards_yellow,,,metric_key
mart_team_leaderboards,sort_value,defensive_actions_per_match,,,metric_key
mart_team_leaderboards,sort_value,duels_per_match,,,metric_key
mart_team_leaderboards,sort_value,duels_won_pct,,,metric_key
mart_team_leaderboards,sort_value,goals_against_per_match,,,metric_key
mart_team_leaderboards,sort_value,goals_per_match,,,metric_key
mart_team_leaderboards,sort_value,passes_accuracy_pct,,,metric_key
mart_team_leaderboards,sort_value,passes_per_match,,,metric_key
mart_team_leaderboards,sort_value,shots_on_goal_against_per_match,,,metric_key
mart_team_leaderboards,sort_value,shots_on_goal_difference_per_match,,,metric_key
mart_team_leaderboards,sort_value,shots_on_goal_per_match,,,metric_key
mart_team_momentum,blocks_per_match,blocks_per_match,,window_type,
mart_team_momentum,cards_red_per_match,cards_red_per_match,,window_type,
mart_team_momentum,cards_yellow_per_match,cards_yellow_per_match,,window_type,
mart_team_momentum,clean_sheets,clean_sheets,,window_type,
mart_team_momentum,corners_against_per_match,corners_against_per_match,,window_type,
mart_team_momentum,corners_per_match,corners_per_match,,window_type,
mart_team_momentum,defensive_actions_per_match,defensive_actions_per_match,,window_type,
mart_team_momentum,dribbles_attempts_per_match,dribbles_attempts_per_match,,window_type,
mart_team_momentum,dribbles_success_pct,dribbles_success_pct,,window_type,
mart_team_momentum,dribbles_success_per_match,dribbles_success_per_match,,window_type,
mart_team_momentum,duels_per_match,duels_per_match,,window_type,
mart_team_momentum,duels_won_pct,duels_won_pct,,window_type,
mart_team_momentum,duels_won_per_match,duels_won_per_match,,window_type,
mart_team_momentum,finishing_efficiency_pct,finishing_efficiency_pct,,window_type,
mart_team_momentum,fouls_per_match,fouls_per_match,,window_type,
mart_team_momentum,free_kicks_per_match,free_kicks_per_match,,window_type,
mart_team_momentum,goals_against_per_match,goals_against_per_match,,window_type,
mart_team_momentum,goals_per_match,goals_per_match,,window_type,
mart_team_momentum,interceptions_per_match,interceptions_per_match,,window_type,
mart_team_momentum,offsides_per_match,offsides_per_match,,window_type,
mart_team_momentum,passes_accuracy_pct,passes_accuracy_pct,,window_type,
mart_team_momentum,passes_accurate_per_match,passes_accurate_per_match,,window_type,
mart_team_momentum,passes_key_per_match,passes_key_per_match,,window_type,
mart_team_momentum,passes_per_match,passes_per_match,,window_type,
mart_team_momentum,passes_share_pct,passes_share_pct,,window_type,
mart_team_momentum,points_won,points_won,,window_type,
mart_team_momentum,saves_pct,saves_pct,,window_type,
mart_team_momentum,saves_per_match,saves_per_match,,window_type,
mart_team_momentum,shots_blocked_per_match,shots_blocked_per_match,,window_type,
mart_team_momentum,shots_inside_box_pct,shots_inside_box_pct,,window_type,
mart_team_momentum,shots_inside_box_per_match,shots_inside_box_per_match,,window_type,
mart_team_momentum,shots_off_target_per_match,shots_off_target_per_match,,window_type,
mart_team_momentum,shots_on_goal_against_per_match,shots_on_goal_against_per_match,,window_type,
mart_team_momentum,shots_on_goal_pct,shots_on_goal_pct,,window_type,
mart_team_momentum,shots_on_goal_per_match,shots_on_goal_per_match,,window_type,
mart_team_momentum,shots_per_match,shots_per_match,,window_type,
mart_team_momentum,tackles_per_match,tackles_per_match,,window_type,
mart_team_momentum_window,goals_against,goals_against,,window_type,
mart_team_momentum_window,goals_for,goals,,window_type,
mart_team_profile,clean_sheets,clean_sheets,,,
mart_team_profile,clean_sheets_pct_delta_yoy,clean_sheets_pct,delta_yoy,,
mart_team_profile,clean_sheets_pct_prev_season,clean_sheets_pct,prev_season,,
mart_team_profile,clean_sheets_pct_this_season,clean_sheets_pct,this_season,,
mart_team_profile,corners_against_per_match,corners_against_per_match,,,
mart_team_profile,corners_against_per_match_delta_yoy,corners_against_per_match,delta_yoy,,
mart_team_profile,corners_against_per_match_prev_season,corners_against_per_match,prev_season,,
mart_team_profile,corners_against_per_match_this_season,corners_against_per_match,this_season,,
mart_team_profile,corners_per_match,corners_per_match,,,
mart_team_profile,corners_per_match_delta_yoy,corners_per_match,delta_yoy,,
mart_team_profile,corners_per_match_prev_season,corners_per_match,prev_season,,
mart_team_profile,corners_per_match_this_season,corners_per_match,this_season,,
mart_team_profile,defensive_actions_per_match,defensive_actions_per_match,,,
mart_team_profile,defensive_actions_per_match_delta_yoy,defensive_actions_per_match,delta_yoy,,
mart_team_profile,defensive_actions_per_match_prev_season,defensive_actions_per_match,prev_season,,
mart_team_profile,defensive_actions_per_match_this_season,defensive_actions_per_match,this_season,,
mart_team_profile,deserved_points,deserved_points,,,
mart_team_profile,deserved_points_gap,deserved_points_gap,,,
mart_team_profile,deserved_points_gap_rank,deserved_points_gap_rank,,,
mart_team_profile,deserved_rank,deserved_rank,,,
mart_team_profile,duels_per_match,duels_per_match,,,
mart_team_profile,duels_per_match_delta_yoy,duels_per_match,delta_yoy,,
mart_team_profile,duels_per_match_prev_season,duels_per_match,prev_season,,
mart_team_profile,duels_per_match_this_season,duels_per_match,this_season,,
mart_team_profile,duels_won_pct,duels_won_pct,,,
mart_team_profile,duels_won_pct_delta_yoy,duels_won_pct,delta_yoy,,
mart_team_profile,duels_won_pct_prev_season,duels_won_pct,prev_season,,
mart_team_profile,duels_won_pct_this_season,duels_won_pct,this_season,,
mart_team_profile,finishing_efficiency_pct,finishing_efficiency_pct,,,
mart_team_profile,finishing_efficiency_pct_delta_yoy,finishing_efficiency_pct,delta_yoy,,
mart_team_profile,finishing_efficiency_pct_prev_season,finishing_efficiency_pct,prev_season,,
mart_team_profile,finishing_efficiency_pct_this_season,finishing_efficiency_pct,this_season,,
mart_team_profile,goals_against,goals_against,,,
mart_team_profile,goals_against_delta_yoy,goals_against,delta_yoy,,
mart_team_profile,goals_against_per_match,goals_against_per_match,,,
mart_team_profile,goals_against_per_match_delta_yoy,goals_against_per_match,delta_yoy,,
mart_team_profile,goals_against_per_match_prev_season,goals_against_per_match,prev_season,,
mart_team_profile,goals_against_per_match_this_season,goals_against_per_match,this_season,,
mart_team_profile,goals_against_prev_season,goals_against,prev_season,,
mart_team_profile,goals_against_this_season,goals_against,this_season,,
mart_team_profile,goals_for,goals,,,
mart_team_profile,goals_for_delta_yoy,goals,delta_yoy,,
mart_team_profile,goals_for_prev_season,goals,prev_season,,
mart_team_profile,goals_for_this_season,goals,this_season,,
mart_team_profile,goals_per_match,goals_per_match,,,
mart_team_profile,goals_per_match_delta_yoy,goals_per_match,delta_yoy,,
mart_team_profile,goals_per_match_prev_season,goals_per_match,prev_season,,
mart_team_profile,goals_per_match_this_season,goals_per_match,this_season,,
mart_team_profile,latest_rank,league_rank,,,
mart_team_profile,passes_accuracy_pct,passes_accuracy_pct,,,
mart_team_profile,passes_accuracy_pct_delta_yoy,passes_accuracy_pct,delta_yoy,,
mart_team_profile,passes_accuracy_pct_prev_season,passes_accuracy_pct,prev_season,,
mart_team_profile,passes_accuracy_pct_this_season,passes_accuracy_pct,this_season,,
mart_team_profile,passes_key_per_match,passes_key_per_match,,,
mart_team_profile,passes_key_per_match_delta_yoy,passes_key_per_match,delta_yoy,,
mart_team_profile,passes_key_per_match_prev_season,passes_key_per_match,prev_season,,
mart_team_profile,passes_key_per_match_this_season,passes_key_per_match,this_season,,
mart_team_profile,passes_per_match,passes_per_match,,,
mart_team_profile,passes_per_match_delta_yoy,passes_per_match,delta_yoy,,
mart_team_profile,passes_per_match_prev_season,passes_per_match,prev_season,,
mart_team_profile,passes_per_match_this_season,passes_per_match,this_season,,
mart_team_profile,points,points_won,,,
mart_team_profile,points_capture_pct,points_capture_pct,,,
mart_team_profile,points_delta_yoy,points_won,delta_yoy,,
mart_team_profile,points_prev_season,points_won,prev_season,,
mart_team_profile,points_this_season,points_won,this_season,,
mart_team_profile,saves_pct,saves_pct,,,
mart_team_profile,saves_pct_delta_yoy,saves_pct,delta_yoy,,
mart_team_profile,saves_pct_prev_season,saves_pct,prev_season,,
mart_team_profile,saves_pct_this_season,saves_pct,this_season,,
mart_team_profile,shots_inside_box_pct,shots_inside_box_pct,,,
mart_team_profile,shots_inside_box_pct_delta_yoy,shots_inside_box_pct,delta_yoy,,
mart_team_profile,shots_inside_box_pct_prev_season,shots_inside_box_pct,prev_season,,
mart_team_profile,shots_inside_box_pct_this_season,shots_inside_box_pct,this_season,,
mart_team_profile,shots_on_goal_against_per_match,shots_on_goal_against_per_match,,,
mart_team_profile,shots_on_goal_difference_per_match,shots_on_goal_difference_per_match,,,
mart_team_profile,shots_on_goal_pct,shots_on_goal_pct,,,
mart_team_profile,shots_on_goal_per_match,shots_on_goal_per_match,,,
mart_team_profile,shots_on_goal_per_match_delta_yoy,shots_on_goal_per_match,delta_yoy,,
mart_team_profile,shots_on_goal_per_match_prev_season,shots_on_goal_per_match,prev_season,,
mart_team_profile,shots_on_goal_per_match_this_season,shots_on_goal_per_match,this_season,,
mart_team_profile,shots_per_match,shots_per_match,,,
mart_team_profile,shots_per_match_delta_yoy,shots_per_match,delta_yoy,,
mart_team_profile,shots_per_match_prev_season,shots_per_match,prev_season,,
mart_team_profile,shots_per_match_this_season,shots_per_match,this_season,,
mart_team_profile,shots_share_pct,shots_share_pct,,,
mart_team_season,clean_sheets,clean_sheets,,,
mart_team_season,goals_against,goals_against,,,
mart_team_season,goals_for,goals,,,
mart_team_season,goals_open_play,goals_open_play,,,
mart_team_season,goals_own,goals_own,,,
mart_team_season,goals_penalty,goals_penalty,,,
mart_team_season,latest_rank,league_rank,,,
mart_team_season,points,points_won,,,
mart_team_season_insights,clean_sheets,clean_sheets,,,
mart_team_season_insights,corner_kicks_sum_season,corners,sum_season,,
mart_team_season_insights,corners_against_per_match,corners_against_per_match,,,
mart_team_season_insights,corners_per_match,corners_per_match,,,
mart_team_season_insights,finishing_efficiency_pct,finishing_efficiency_pct,,,
mart_team_season_insights,goalkeeper_saves_sum_season,saves,sum_season,,
mart_team_season_insights,goals_against,goals_against,,,
mart_team_season_insights,goals_against_per_match,goals_against_per_match,,,
mart_team_season_insights,goals_against_sum_season,goals_against,sum_season,,
mart_team_season_insights,goals_for,goals,,,
mart_team_season_insights,goals_for_sum_season,goals,sum_season,,
mart_team_season_insights,goals_per_match,goals_per_match,,,
mart_team_season_insights,latest_rank,league_rank,,,
mart_team_season_insights,opponent_corner_kicks_sum_season,corners,opponent_sum_season,,
mart_team_season_insights,passes_accuracy_pct,passes_accuracy_pct,,,
mart_team_season_insights,passes_per_match,passes_per_match,,,
mart_team_season_insights,points,points_won,,,
mart_team_season_insights,points_capture_pct,points_capture_pct,,,
mart_team_season_insights,points_won_sum_season,points_won,sum_season,,
mart_team_season_insights,saves_pct,saves_pct,,,
mart_team_season_insights,shots_inside_box_pct,shots_inside_box_pct,,,
mart_team_season_insights,shots_inside_box_sum_season,shots_inside_box,sum_season,,
mart_team_season_insights,shots_on_goal_pct,shots_on_goal_pct,,,
mart_team_season_insights,shots_per_match,shots_per_match,,,
mart_team_season_insights,shots_share_pct,shots_share_pct,,,
mart_team_season_record,blocks_per_match,blocks_per_match,,window_type,
mart_team_season_record,clean_sheets,clean_sheets,,window_type,
mart_team_season_record,corners_against_per_match,corners_against_per_match,,window_type,
mart_team_season_record,corners_per_match,corners_per_match,,window_type,
mart_team_season_record,defensive_actions_per_match,defensive_actions_per_match,,window_type,
mart_team_season_record,duels_per_match,duels_per_match,,window_type,
mart_team_season_record,duels_won_pct,duels_won_pct,,window_type,
mart_team_season_record,finishing_efficiency_pct,finishing_efficiency_pct,,window_type,
mart_team_season_record,goals_against_per_match,goals_against_per_match,,window_type,
mart_team_season_record,goals_per_match,goals_per_match,,window_type,
mart_team_season_record,interceptions_per_match,interceptions_per_match,,window_type,
mart_team_season_record,passes_accuracy_pct,passes_accuracy_pct,,window_type,
mart_team_season_record,passes_key_per_match,passes_key_per_match,,window_type,
mart_team_season_record,passes_per_match,passes_per_match,,window_type,
mart_team_season_record,points_won,points_won,,window_type,
mart_team_season_record,saves_pct,saves_pct,,window_type,
mart_team_season_record,shots_inside_box_pct,shots_inside_box_pct,,window_type,
mart_team_season_record,shots_on_goal_pct,shots_on_goal_pct,,window_type,
mart_team_season_record,shots_on_goal_per_match,shots_on_goal_per_match,,window_type,
mart_team_season_record,shots_per_match,shots_per_match,,window_type,
mart_team_season_record,tackles_per_match,tackles_per_match,,window_type,
