league_code,season,player_id,metric_id,numerator,denominator,working
WC,2026,278,assists_per90,360,698,"Kylian Mbappé, World Cup 2026: 8 matches. sum(assists) * 90 = 360; sum(minutes) = 698; assists blank in 1 match, 0 by the blank rule."
WC,2026,278,assists_player,4,,"Kylian Mbappé, World Cup 2026: 8 matches. sum(assists) = 4; assists blank in 1 match, 0 by the blank rule."
WC,2026,278,blocks_per90,0,698,"Kylian Mbappé, World Cup 2026: 8 matches. sum(blocks) * 90 = 0; sum(minutes) = 698; blocks blank in 8 matches, 0 by the blank rule."
WC,2026,278,blocks_player,0,,"Kylian Mbappé, World Cup 2026: 8 matches. sum(blocks) = 0; blocks blank in 8 matches, 0 by the blank rule."
WC,2026,278,cards_player,1,,"Kylian Mbappé, World Cup 2026: 8 matches. sum(cards_yellow + cards_red) = 1."
WC,2026,278,cards_red_player,0,,"Kylian Mbappé, World Cup 2026: 8 matches. sum(cards_red) = 0."
WC,2026,278,cards_yellow_player,1,,"Kylian Mbappé, World Cup 2026: 8 matches. sum(cards_yellow) = 1."
WC,2026,278,defensive_actions_per90,90,698,"Kylian Mbappé, World Cup 2026: 8 matches. sum(tackles + interceptions + blocks) * 90 = 90; sum(minutes) = 698; tackles blank in 7 matches, 0 by the blank rule; interceptions blank in 8 matches, 0 by the blank rule; blocks blank in 8 matches, 0 by the blank rule."
WC,2026,278,defensive_actions_player,1,,"Kylian Mbappé, World Cup 2026: 8 matches. sum(tackles + interceptions + blocks) = 1; tackles blank in 7 matches, 0 by the blank rule; interceptions blank in 8 matches, 0 by the blank rule; blocks blank in 8 matches, 0 by the blank rule."
WC,2026,278,dribbles_attempts_player,36,,"Kylian Mbappé, World Cup 2026: 8 matches. sum(dribbles) = 36."
WC,2026,278,dribbles_past_player,4,,"Kylian Mbappé, World Cup 2026: 8 matches. sum(dribbles_against) = 4; dribbled past blank in 5 matches, 0 by the blank rule."
WC,2026,278,dribbles_success_per90,1170,698,"Kylian Mbappé, World Cup 2026: 8 matches. sum(dribbles_success) * 90 = 1170; sum(minutes) = 698."
WC,2026,278,dribbles_success_player,13,,"Kylian Mbappé, World Cup 2026: 8 matches. sum(dribbles_success) = 13."
WC,2026,278,dribbles_success_player_pct,13,36,"Kylian Mbappé, World Cup 2026: 8 matches. sum(dribbles_success) = 13; sum(dribbles) = 36."
WC,2026,278,duels_player,70,,"Kylian Mbappé, World Cup 2026: 8 matches. sum(duels) = 70."
WC,2026,278,duels_won_per90,2070,698,"Kylian Mbappé, World Cup 2026: 8 matches. sum(duels_won) * 90 = 2070; sum(minutes) = 698."
WC,2026,278,duels_won_player,23,,"Kylian Mbappé, World Cup 2026: 8 matches. sum(duels_won) = 23."
WC,2026,278,duels_won_player_pct,23,70,"Kylian Mbappé, World Cup 2026: 8 matches. sum(duels_won) = 23; sum(duels) = 70."
WC,2026,278,finishing_efficiency_player_pct,9,23,"Kylian Mbappé, World Cup 2026: 8 matches. sum(goals - goals_penalty) = 9; sum(shots_on_target) = 23; goals blank in 2 matches, 0 by the blank rule; shots on target blank in 1 match, 0 by the blank rule."
WC,2026,278,goals_against_player,0,,"Kylian Mbappé, World Cup 2026: 8 matches. sum(goals_against) = 0."
WC,2026,278,goals_open_play_player,9,,"Kylian Mbappé, World Cup 2026: 8 matches. sum(goals - goals_penalty) = 9; goals blank in 2 matches, 0 by the blank rule."
WC,2026,278,goals_penalty_player,1,,"Kylian Mbappé, World Cup 2026: 8 matches. sum(goals_penalty) = 1."
WC,2026,278,goals_per90,900,698,"Kylian Mbappé, World Cup 2026: 8 matches. sum(goals) * 90 = 900; sum(minutes) = 698; goals blank in 2 matches, 0 by the blank rule."
WC,2026,278,goals_player,10,,"Kylian Mbappé, World Cup 2026: 8 matches. sum(goals) = 10; goals blank in 2 matches, 0 by the blank rule."
WC,2026,278,interceptions_per90,0,698,"Kylian Mbappé, World Cup 2026: 8 matches. sum(interceptions) * 90 = 0; sum(minutes) = 698; interceptions blank in 8 matches, 0 by the blank rule."
WC,2026,278,interceptions_player,0,,"Kylian Mbappé, World Cup 2026: 8 matches. sum(interceptions) = 0; interceptions blank in 8 matches, 0 by the blank rule."
WC,2026,278,offsides_player,,,"Kylian Mbappé, World Cup 2026: 8 matches. sum(offsides) = blank; offsides blank in 2 matches, 0 by the blank rule; offsides blank and counted by nobody in fixture 1569870, 1578539, so the season value is blank."
WC,2026,278,passes_accuracy_player_pct,201,234,"Kylian Mbappé, World Cup 2026: 8 matches. sum(passes_accurate) = 201; sum(passes) = 234."
WC,2026,278,passes_accurate_player,201,,"Kylian Mbappé, World Cup 2026: 8 matches. sum(passes_accurate) = 201."
WC,2026,278,passes_key_per90,1620,698,"Kylian Mbappé, World Cup 2026: 8 matches. sum(passes_key) * 90 = 1620; sum(minutes) = 698; key passes blank in 2 matches, 0 by the blank rule."
WC,2026,278,passes_key_player,18,,"Kylian Mbappé, World Cup 2026: 8 matches. sum(passes_key) = 18; key passes blank in 2 matches, 0 by the blank rule."
WC,2026,278,passes_per90,21060,698,"Kylian Mbappé, World Cup 2026: 8 matches. sum(passes) * 90 = 21060; sum(minutes) = 698."
WC,2026,278,passes_player,234,,"Kylian Mbappé, World Cup 2026: 8 matches. sum(passes) = 234."
WC,2026,278,penalty_committed_player,0,,"Kylian Mbappé, World Cup 2026: 8 matches. sum(penalties_committed) = 0; penalties committed blank in 8 matches, 0 by the blank rule."
WC,2026,278,penalty_won_player,1,,"Kylian Mbappé, World Cup 2026: 8 matches. sum(penalties_won) = 1; penalties won blank in 7 matches, 0 by the blank rule."
WC,2026,278,saves_per90,0,698,"Kylian Mbappé, World Cup 2026: 8 matches. sum(saves) * 90 = 0; sum(minutes) = 698; saves blank in 8 matches, 0 by the blank rule."
WC,2026,278,saves_player,0,,"Kylian Mbappé, World Cup 2026: 8 matches. sum(saves) = 0; saves blank in 8 matches, 0 by the blank rule."
WC,2026,278,saves_player_pct,0,0,"Kylian Mbappé, World Cup 2026: 8 matches. sum(saves) = 0; sum(saves + goals_against) = 0; saves blank in 8 matches, 0 by the blank rule."
WC,2026,278,scorer_points_per90,1260,698,"Kylian Mbappé, World Cup 2026: 8 matches. sum(goals + assists) * 90 = 1260; sum(minutes) = 698; goals blank in 2 matches, 0 by the blank rule; assists blank in 1 match, 0 by the blank rule."
WC,2026,278,scorer_points_player,14,,"Kylian Mbappé, World Cup 2026: 8 matches. sum(goals + assists) = 14; goals blank in 2 matches, 0 by the blank rule; assists blank in 1 match, 0 by the blank rule."
WC,2026,278,shots_on_goal_against_player,0,,"Kylian Mbappé, World Cup 2026: 8 matches. sum(saves + goals_against) = 0; saves blank in 8 matches, 0 by the blank rule."
WC,2026,278,shots_on_goal_per90,2070,698,"Kylian Mbappé, World Cup 2026: 8 matches. sum(shots_on_target) * 90 = 2070; sum(minutes) = 698; shots on target blank in 1 match, 0 by the blank rule."
WC,2026,278,shots_on_goal_player,23,,"Kylian Mbappé, World Cup 2026: 8 matches. sum(shots_on_target) = 23; shots on target blank in 1 match, 0 by the blank rule."
WC,2026,278,shots_player,36,,"Kylian Mbappé, World Cup 2026: 8 matches. sum(shots) = 36."
WC,2026,278,tackles_per90,90,698,"Kylian Mbappé, World Cup 2026: 8 matches. sum(tackles) * 90 = 90; sum(minutes) = 698; tackles blank in 7 matches, 0 by the blank rule."
WC,2026,278,tackles_player,1,,"Kylian Mbappé, World Cup 2026: 8 matches. sum(tackles) = 1; tackles blank in 7 matches, 0 by the blank rule."
WC,2026,19599,assists_per90,0,810,"Emiliano Martínez, World Cup 2026: 8 matches. sum(assists) * 90 = 0; sum(minutes) = 810; assists blank in 2 matches, 0 by the blank rule."
WC,2026,19599,assists_player,0,,"Emiliano Martínez, World Cup 2026: 8 matches. sum(assists) = 0; assists blank in 2 matches, 0 by the blank rule."
WC,2026,19599,blocks_per90,0,810,"Emiliano Martínez, World Cup 2026: 8 matches. sum(blocks) * 90 = 0; sum(minutes) = 810; blocks blank in 8 matches, 0 by the blank rule."
WC,2026,19599,blocks_player,0,,"Emiliano Martínez, World Cup 2026: 8 matches. sum(blocks) = 0; blocks blank in 8 matches, 0 by the blank rule."
WC,2026,19599,cards_player,0,,"Emiliano Martínez, World Cup 2026: 8 matches. sum(cards_yellow + cards_red) = 0."
WC,2026,19599,cards_red_player,0,,"Emiliano Martínez, World Cup 2026: 8 matches. sum(cards_red) = 0."
WC,2026,19599,cards_yellow_player,0,,"Emiliano Martínez, World Cup 2026: 8 matches. sum(cards_yellow) = 0."
WC,2026,19599,defensive_actions_per90,0,810,"Emiliano Martínez, World Cup 2026: 8 matches. sum(tackles + interceptions + blocks) * 90 = 0; sum(minutes) = 810; tackles blank in 8 matches, 0 by the blank rule; interceptions blank in 8 matches, 0 by the blank rule; blocks blank in 8 matches, 0 by the blank rule."
WC,2026,19599,defensive_actions_player,0,,"Emiliano Martínez, World Cup 2026: 8 matches. sum(tackles + interceptions + blocks) = 0; tackles blank in 8 matches, 0 by the blank rule; interceptions blank in 8 matches, 0 by the blank rule; blocks blank in 8 matches, 0 by the blank rule."
WC,2026,19599,dribbles_attempts_player,0,,"Emiliano Martínez, World Cup 2026: 8 matches. sum(dribbles) = 0; dribbles blank in 8 matches, 0 by the blank rule."
WC,2026,19599,dribbles_past_player,0,,"Emiliano Martínez, World Cup 2026: 8 matches. sum(dribbles_against) = 0; dribbled past blank in 8 matches, 0 by the blank rule."
WC,2026,19599,dribbles_success_per90,0,810,"Emiliano Martínez, World Cup 2026: 8 matches. sum(dribbles_success) * 90 = 0; sum(minutes) = 810; dribbles completed blank in 8 matches, 0 by the blank rule."
WC,2026,19599,dribbles_success_player,0,,"Emiliano Martínez, World Cup 2026: 8 matches. sum(dribbles_success) = 0; dribbles completed blank in 8 matches, 0 by the blank rule."
WC,2026,19599,dribbles_success_player_pct,0,0,"Emiliano Martínez, World Cup 2026: 8 matches. sum(dribbles_success) = 0; sum(dribbles) = 0; dribbles completed blank in 8 matches, 0 by the blank rule; dribbles blank in 8 matches, 0 by the blank rule."
WC,2026,19599,duels_player,2,,"Emiliano Martínez, World Cup 2026: 8 matches. sum(duels) = 2; duels blank in 7 matches, 0 by the blank rule."
WC,2026,19599,duels_won_per90,180,810,"Emiliano Martínez, World Cup 2026: 8 matches. sum(duels_won) * 90 = 180; sum(minutes) = 810; duels won blank in 7 matches, 0 by the blank rule."
WC,2026,19599,duels_won_player,2,,"Emiliano Martínez, World Cup 2026: 8 matches. sum(duels_won) = 2; duels won blank in 7 matches, 0 by the blank rule."
WC,2026,19599,duels_won_player_pct,2,2,"Emiliano Martínez, World Cup 2026: 8 matches. sum(duels_won) = 2; sum(duels) = 2; duels won blank in 7 matches, 0 by the blank rule; duels blank in 7 matches, 0 by the blank rule."
WC,2026,19599,finishing_efficiency_player_pct,0,0,"Emiliano Martínez, World Cup 2026: 8 matches. sum(goals - goals_penalty) = 0; sum(shots_on_target) = 0; goals blank in 8 matches, 0 by the blank rule; shots on target blank in 8 matches, 0 by the blank rule."
WC,2026,19599,goals_against_player,8,,"Emiliano Martínez, World Cup 2026: 8 matches. sum(goals_against) = 8."
WC,2026,19599,goals_open_play_player,0,,"Emiliano Martínez, World Cup 2026: 8 matches. sum(goals - goals_penalty) = 0; goals blank in 8 matches, 0 by the blank rule."
WC,2026,19599,goals_penalty_player,0,,"Emiliano Martínez, World Cup 2026: 8 matches. sum(goals_penalty) = 0."
WC,2026,19599,goals_per90,0,810,"Emiliano Martínez, World Cup 2026: 8 matches. sum(goals) * 90 = 0; sum(minutes) = 810; goals blank in 8 matches, 0 by the blank rule."
WC,2026,19599,goals_player,0,,"Emiliano Martínez, World Cup 2026: 8 matches. sum(goals) = 0; goals blank in 8 matches, 0 by the blank rule."
WC,2026,19599,interceptions_per90,0,810,"Emiliano Martínez, World Cup 2026: 8 matches. sum(interceptions) * 90 = 0; sum(minutes) = 810; interceptions blank in 8 matches, 0 by the blank rule."
WC,2026,19599,interceptions_player,0,,"Emiliano Martínez, World Cup 2026: 8 matches. sum(interceptions) = 0; interceptions blank in 8 matches, 0 by the blank rule."
WC,2026,19599,offsides_player,0,,"Emiliano Martínez, World Cup 2026: 8 matches. sum(offsides) = 0; offsides blank in 8 matches, 0 by the blank rule."
WC,2026,19599,passes_accuracy_player_pct,175,246,"Emiliano Martínez, World Cup 2026: 8 matches. sum(passes_accurate) = 175; sum(passes) = 246."
WC,2026,19599,passes_accurate_player,175,,"Emiliano Martínez, World Cup 2026: 8 matches. sum(passes_accurate) = 175."
WC,2026,19599,passes_key_per90,0,810,"Emiliano Martínez, World Cup 2026: 8 matches. sum(passes_key) * 90 = 0; sum(minutes) = 810; key passes blank in 8 matches, 0 by the blank rule."
WC,2026,19599,passes_key_player,0,,"Emiliano Martínez, World Cup 2026: 8 matches. sum(passes_key) = 0; key passes blank in 8 matches, 0 by the blank rule."
WC,2026,19599,passes_per90,22140,810,"Emiliano Martínez, World Cup 2026: 8 matches. sum(passes) * 90 = 22140; sum(minutes) = 810."
WC,2026,19599,passes_player,246,,"Emiliano Martínez, World Cup 2026: 8 matches. sum(passes) = 246."
WC,2026,19599,penalty_committed_player,0,,"Emiliano Martínez, World Cup 2026: 8 matches. sum(penalties_committed) = 0; penalties committed blank in 8 matches, 0 by the blank rule."
WC,2026,19599,penalty_won_player,0,,"Emiliano Martínez, World Cup 2026: 8 matches. sum(penalties_won) = 0; penalties won blank in 8 matches, 0 by the blank rule."
WC,2026,19599,saves_per90,1800,810,"Emiliano Martínez, World Cup 2026: 8 matches. sum(saves) * 90 = 1800; sum(minutes) = 810; saves blank in 3 matches, 0 by the blank rule."
WC,2026,19599,saves_player,20,,"Emiliano Martínez, World Cup 2026: 8 matches. sum(saves) = 20; saves blank in 3 matches, 0 by the blank rule."
WC,2026,19599,saves_player_pct,20,28,"Emiliano Martínez, World Cup 2026: 8 matches. sum(saves) = 20; sum(saves + goals_against) = 28; saves blank in 3 matches, 0 by the blank rule."
WC,2026,19599,scorer_points_per90,0,810,"Emiliano Martínez, World Cup 2026: 8 matches. sum(goals + assists) * 90 = 0; sum(minutes) = 810; goals blank in 8 matches, 0 by the blank rule; assists blank in 2 matches, 0 by the blank rule."
WC,2026,19599,scorer_points_player,0,,"Emiliano Martínez, World Cup 2026: 8 matches. sum(goals + assists) = 0; goals blank in 8 matches, 0 by the blank rule; assists blank in 2 matches, 0 by the blank rule."
WC,2026,19599,shots_on_goal_against_player,28,,"Emiliano Martínez, World Cup 2026: 8 matches. sum(saves + goals_against) = 28; saves blank in 3 matches, 0 by the blank rule."
WC,2026,19599,shots_on_goal_per90,0,810,"Emiliano Martínez, World Cup 2026: 8 matches. sum(shots_on_target) * 90 = 0; sum(minutes) = 810; shots on target blank in 8 matches, 0 by the blank rule."
WC,2026,19599,shots_on_goal_player,0,,"Emiliano Martínez, World Cup 2026: 8 matches. sum(shots_on_target) = 0; shots on target blank in 8 matches, 0 by the blank rule."
WC,2026,19599,shots_player,0,,"Emiliano Martínez, World Cup 2026: 8 matches. sum(shots) = 0; shots blank in 8 matches, 0 by the blank rule."
WC,2026,19599,tackles_per90,0,810,"Emiliano Martínez, World Cup 2026: 8 matches. sum(tackles) * 90 = 0; sum(minutes) = 810; tackles blank in 8 matches, 0 by the blank rule."
WC,2026,19599,tackles_player,0,,"Emiliano Martínez, World Cup 2026: 8 matches. sum(tackles) = 0; tackles blank in 8 matches, 0 by the blank rule."
EURO,2024,1323,assists_per90,180,431,"Dani Olmo, EURO 2024: 7 matches. sum(assists) * 90 = 180; sum(minutes) = 431; assists blank in 1 match, 0 by the blank rule; minutes blank in 1 match, 0 by the blank rule."
EURO,2024,1323,assists_player,2,,"Dani Olmo, EURO 2024: 7 matches. sum(assists) = 2; assists blank in 1 match, 0 by the blank rule."
EURO,2024,1323,blocks_per90,90,431,"Dani Olmo, EURO 2024: 7 matches. sum(blocks) * 90 = 90; sum(minutes) = 431; blocks blank in 6 matches, 0 by the blank rule; minutes blank in 1 match, 0 by the blank rule."
EURO,2024,1323,blocks_player,1,,"Dani Olmo, EURO 2024: 7 matches. sum(blocks) = 1; blocks blank in 6 matches, 0 by the blank rule."
EURO,2024,1323,cards_player,1,,"Dani Olmo, EURO 2024: 7 matches. sum(cards_yellow + cards_red) = 1."
EURO,2024,1323,cards_red_player,0,,"Dani Olmo, EURO 2024: 7 matches. sum(cards_red) = 0."
EURO,2024,1323,cards_yellow_player,1,,"Dani Olmo, EURO 2024: 7 matches. sum(cards_yellow) = 1."
EURO,2024,1323,defensive_actions_per90,630,431,"Dani Olmo, EURO 2024: 7 matches. sum(tackles + interceptions + blocks) * 90 = 630; sum(minutes) = 431; tackles blank in 3 matches, 0 by the blank rule; interceptions blank in 5 matches, 0 by the blank rule; blocks blank in 6 matches, 0 by the blank rule; minutes blank in 1 match, 0 by the blank rule."
EURO,2024,1323,defensive_actions_player,7,,"Dani Olmo, EURO 2024: 7 matches. sum(tackles + interceptions + blocks) = 7; tackles blank in 3 matches, 0 by the blank rule; interceptions blank in 5 matches, 0 by the blank rule; blocks blank in 6 matches, 0 by the blank rule."
EURO,2024,1323,dribbles_attempts_player,19,,"Dani Olmo, EURO 2024: 7 matches. sum(dribbles) = 19; dribbles blank in 1 match, 0 by the blank rule."
EURO,2024,1323,dribbles_past_player,3,,"Dani Olmo, EURO 2024: 7 matches. sum(dribbles_against) = 3; dribbled past blank in 4 matches, 0 by the blank rule."
EURO,2024,1323,dribbles_success_per90,1260,431,"Dani Olmo, EURO 2024: 7 matches. sum(dribbles_success) * 90 = 1260; sum(minutes) = 431; dribbles completed blank in 2 matches, 0 by the blank rule; minutes blank in 1 match, 0 by the blank rule."
EURO,2024,1323,dribbles_success_player,14,,"Dani Olmo, EURO 2024: 7 matches. sum(dribbles_success) = 14; dribbles completed blank in 2 matches, 0 by the blank rule."
EURO,2024,1323,dribbles_success_player_pct,14,19,"Dani Olmo, EURO 2024: 7 matches. sum(dribbles_success) = 14; sum(dribbles) = 19; dribbles completed blank in 2 matches, 0 by the blank rule; dribbles blank in 1 match, 0 by the blank rule."
EURO,2024,1323,duels_player,44,,"Dani Olmo, EURO 2024: 7 matches. sum(duels) = 44; duels blank in 1 match, 0 by the blank rule."
EURO,2024,1323,duels_won_per90,2430,431,"Dani Olmo, EURO 2024: 7 matches. sum(duels_won) * 90 = 2430; sum(minutes) = 431; duels won blank in 1 match, 0 by the blank rule; minutes blank in 1 match, 0 by the blank rule."
EURO,2024,1323,duels_won_player,27,,"Dani Olmo, EURO 2024: 7 matches. sum(duels_won) = 27; duels won blank in 1 match, 0 by the blank rule."
EURO,2024,1323,duels_won_player_pct,27,44,"Dani Olmo, EURO 2024: 7 matches. sum(duels_won) = 27; sum(duels) = 44; duels won blank in 1 match, 0 by the blank rule; duels blank in 1 match, 0 by the blank rule."
EURO,2024,1323,finishing_efficiency_player_pct,3,6,"Dani Olmo, EURO 2024: 7 matches. sum(goals - goals_penalty) = 3; sum(shots_on_target) = 6; goals blank in 3 matches, 0 by the blank rule; goals taken from the goal events in fixture 1145521; shots on target blank in 4 matches, 0 by the blank rule."
EURO,2024,1323,goals_against_player,0,,"Dani Olmo, EURO 2024: 7 matches. sum(goals_against) = 0."
EURO,2024,1323,goals_open_play_player,3,,"Dani Olmo, EURO 2024: 7 matches. sum(goals - goals_penalty) = 3; goals blank in 3 matches, 0 by the blank rule; goals taken from the goal events in fixture 1145521."
EURO,2024,1323,goals_penalty_player,0,,"Dani Olmo, EURO 2024: 7 matches. sum(goals_penalty) = 0."
EURO,2024,1323,goals_per90,270,431,"Dani Olmo, EURO 2024: 7 matches. sum(goals) * 90 = 270; sum(minutes) = 431; goals blank in 3 matches, 0 by the blank rule; goals taken from the goal events in fixture 1145521; minutes blank in 1 match, 0 by the blank rule."
EURO,2024,1323,goals_player,3,,"Dani Olmo, EURO 2024: 7 matches. sum(goals) = 3; goals blank in 3 matches, 0 by the blank rule; goals taken from the goal events in fixture 1145521."
EURO,2024,1323,interceptions_per90,180,431,"Dani Olmo, EURO 2024: 7 matches. sum(interceptions) * 90 = 180; sum(minutes) = 431; interceptions blank in 5 matches, 0 by the blank rule; minutes blank in 1 match, 0 by the blank rule."
EURO,2024,1323,interceptions_player,2,,"Dani Olmo, EURO 2024: 7 matches. sum(interceptions) = 2; interceptions blank in 5 matches, 0 by the blank rule."
EURO,2024,1323,offsides_player,,,"Dani Olmo, EURO 2024: 7 matches. sum(offsides) = blank; offsides blank in 5 matches, 0 by the blank rule; offsides blank and counted by nobody in fixture 1145521, 1225853, so the season value is blank."
EURO,2024,1323,passes_accuracy_player_pct,149,179,"Dani Olmo, EURO 2024: 7 matches. sum(passes_accurate) = 149; sum(passes) = 179; accurate passes blank in 1 match, 0 by the blank rule; passes blank in 1 match, 0 by the blank rule."
EURO,2024,1323,passes_accurate_player,149,,"Dani Olmo, EURO 2024: 7 matches. sum(passes_accurate) = 149; accurate passes blank in 1 match, 0 by the blank rule."
EURO,2024,1323,passes_key_per90,990,431,"Dani Olmo, EURO 2024: 7 matches. sum(passes_key) * 90 = 990; sum(minutes) = 431; key passes blank in 3 matches, 0 by the blank rule; minutes blank in 1 match, 0 by the blank rule."
EURO,2024,1323,passes_key_player,11,,"Dani Olmo, EURO 2024: 7 matches. sum(passes_key) = 11; key passes blank in 3 matches, 0 by the blank rule."
EURO,2024,1323,passes_per90,16110,431,"Dani Olmo, EURO 2024: 7 matches. sum(passes) * 90 = 16110; sum(minutes) = 431; passes blank in 1 match, 0 by the blank rule; minutes blank in 1 match, 0 by the blank rule."
EURO,2024,1323,passes_player,179,,"Dani Olmo, EURO 2024: 7 matches. sum(passes) = 179; passes blank in 1 match, 0 by the blank rule."
EURO,2024,1323,penalty_committed_player,0,,"Dani Olmo, EURO 2024: 7 matches. sum(penalties_committed) = 0; penalties committed blank in 7 matches, 0 by the blank rule."
EURO,2024,1323,penalty_won_player,0,,"Dani Olmo, EURO 2024: 7 matches. sum(penalties_won) = 0; penalties won blank in 7 matches, 0 by the blank rule."
EURO,2024,1323,saves_per90,0,431,"Dani Olmo, EURO 2024: 7 matches. sum(saves) * 90 = 0; sum(minutes) = 431; saves blank in 7 matches, 0 by the blank rule; minutes blank in 1 match, 0 by the blank rule."
EURO,2024,1323,saves_player,0,,"Dani Olmo, EURO 2024: 7 matches. sum(saves) = 0; saves blank in 7 matches, 0 by the blank rule."
EURO,2024,1323,saves_player_pct,0,0,"Dani Olmo, EURO 2024: 7 matches. sum(saves) = 0; sum(saves + goals_against) = 0; saves blank in 7 matches, 0 by the blank rule."
EURO,2024,1323,scorer_points_per90,450,431,"Dani Olmo, EURO 2024: 7 matches. sum(goals + assists) * 90 = 450; sum(minutes) = 431; goals blank in 3 matches, 0 by the blank rule; goals taken from the goal events in fixture 1145521; assists blank in 1 match, 0 by the blank rule; minutes blank in 1 match, 0 by the blank rule."
EURO,2024,1323,scorer_points_player,5,,"Dani Olmo, EURO 2024: 7 matches. sum(goals + assists) = 5; goals blank in 3 matches, 0 by the blank rule; goals taken from the goal events in fixture 1145521; assists blank in 1 match, 0 by the blank rule."
EURO,2024,1323,shots_on_goal_against_player,0,,"Dani Olmo, EURO 2024: 7 matches. sum(saves + goals_against) = 0; saves blank in 7 matches, 0 by the blank rule."
EURO,2024,1323,shots_on_goal_per90,540,431,"Dani Olmo, EURO 2024: 7 matches. sum(shots_on_target) * 90 = 540; sum(minutes) = 431; shots on target blank in 4 matches, 0 by the blank rule; minutes blank in 1 match, 0 by the blank rule."
EURO,2024,1323,shots_on_goal_player,6,,"Dani Olmo, EURO 2024: 7 matches. sum(shots_on_target) = 6; shots on target blank in 4 matches, 0 by the blank rule."
EURO,2024,1323,shots_player,10,,"Dani Olmo, EURO 2024: 7 matches. sum(shots) = 10; shots blank in 2 matches, 0 by the blank rule."
EURO,2024,1323,tackles_per90,360,431,"Dani Olmo, EURO 2024: 7 matches. sum(tackles) * 90 = 360; sum(minutes) = 431; tackles blank in 3 matches, 0 by the blank rule; minutes blank in 1 match, 0 by the blank rule."
EURO,2024,1323,tackles_player,4,,"Dani Olmo, EURO 2024: 7 matches. sum(tackles) = 4; tackles blank in 3 matches, 0 by the blank rule."
PL,2024,306,assists_per90,1620,3377,"Mohamed Salah, Premier League 2024-25: 38 matches. sum(assists) * 90 = 1620; sum(minutes) = 3377."
PL,2024,306,assists_player,18,,"Mohamed Salah, Premier League 2024-25: 38 matches. sum(assists) = 18."
PL,2024,306,blocks_per90,0,3377,"Mohamed Salah, Premier League 2024-25: 38 matches. sum(blocks) * 90 = 0; sum(minutes) = 3377; blocks blank in 38 matches, 0 by the blank rule."
PL,2024,306,blocks_player,0,,"Mohamed Salah, Premier League 2024-25: 38 matches. sum(blocks) = 0; blocks blank in 38 matches, 0 by the blank rule."
PL,2024,306,cards_player,1,,"Mohamed Salah, Premier League 2024-25: 38 matches. sum(cards_yellow + cards_red) = 1."
PL,2024,306,cards_red_player,0,,"Mohamed Salah, Premier League 2024-25: 38 matches. sum(cards_red) = 0."
PL,2024,306,cards_yellow_player,1,,"Mohamed Salah, Premier League 2024-25: 38 matches. sum(cards_yellow) = 1."
PL,2024,306,defensive_actions_per90,2790,3377,"Mohamed Salah, Premier League 2024-25: 38 matches. sum(tackles + interceptions + blocks) * 90 = 2790; sum(minutes) = 3377; tackles blank in 23 matches, 0 by the blank rule; interceptions blank in 30 matches, 0 by the blank rule; blocks blank in 38 matches, 0 by the blank rule."
PL,2024,306,defensive_actions_player,31,,"Mohamed Salah, Premier League 2024-25: 38 matches. sum(tackles + interceptions + blocks) = 31; tackles blank in 23 matches, 0 by the blank rule; interceptions blank in 30 matches, 0 by the blank rule; blocks blank in 38 matches, 0 by the blank rule."
PL,2024,306,dribbles_attempts_player,130,,"Mohamed Salah, Premier League 2024-25: 38 matches. sum(dribbles) = 130; dribbles blank in 1 match, 0 by the blank rule."
PL,2024,306,dribbles_past_player,9,,"Mohamed Salah, Premier League 2024-25: 38 matches. sum(dribbles_against) = 9; dribbled past blank in 31 matches, 0 by the blank rule."
PL,2024,306,dribbles_success_per90,5130,3377,"Mohamed Salah, Premier League 2024-25: 38 matches. sum(dribbles_success) * 90 = 5130; sum(minutes) = 3377; dribbles completed blank in 9 matches, 0 by the blank rule."
PL,2024,306,dribbles_success_player,57,,"Mohamed Salah, Premier League 2024-25: 38 matches. sum(dribbles_success) = 57; dribbles completed blank in 9 matches, 0 by the blank rule."
PL,2024,306,dribbles_success_player_pct,57,130,"Mohamed Salah, Premier League 2024-25: 38 matches. sum(dribbles_success) = 57; sum(dribbles) = 130; dribbles completed blank in 9 matches, 0 by the blank rule; dribbles blank in 1 match, 0 by the blank rule."
PL,2024,306,duels_player,313,,"Mohamed Salah, Premier League 2024-25: 38 matches. sum(duels) = 313."
PL,2024,306,duels_won_per90,11430,3377,"Mohamed Salah, Premier League 2024-25: 38 matches. sum(duels_won) * 90 = 11430; sum(minutes) = 3377."
PL,2024,306,duels_won_player,127,,"Mohamed Salah, Premier League 2024-25: 38 matches. sum(duels_won) = 127."
PL,2024,306,duels_won_player_pct,127,313,"Mohamed Salah, Premier League 2024-25: 38 matches. sum(duels_won) = 127; sum(duels) = 313."
PL,2024,306,finishing_efficiency_player_pct,20,61,"Mohamed Salah, Premier League 2024-25: 38 matches. sum(goals - goals_penalty) = 20; sum(shots_on_target) = 61; goals blank in 14 matches, 0 by the blank rule; shots on target blank in 5 matches, 0 by the blank rule."
PL,2024,306,goals_against_player,0,,"Mohamed Salah, Premier League 2024-25: 38 matches. sum(goals_against) = 0."
PL,2024,306,goals_open_play_player,20,,"Mohamed Salah, Premier League 2024-25: 38 matches. sum(goals - goals_penalty) = 20; goals blank in 14 matches, 0 by the blank rule."
PL,2024,306,goals_penalty_player,9,,"Mohamed Salah, Premier League 2024-25: 38 matches. sum(goals_penalty) = 9."
PL,2024,306,goals_per90,2610,3377,"Mohamed Salah, Premier League 2024-25: 38 matches. sum(goals) * 90 = 2610; sum(minutes) = 3377; goals blank in 14 matches, 0 by the blank rule."
PL,2024,306,goals_player,29,,"Mohamed Salah, Premier League 2024-25: 38 matches. sum(goals) = 29; goals blank in 14 matches, 0 by the blank rule."
PL,2024,306,interceptions_per90,810,3377,"Mohamed Salah, Premier League 2024-25: 38 matches. sum(interceptions) * 90 = 810; sum(minutes) = 3377; interceptions blank in 30 matches, 0 by the blank rule."
PL,2024,306,interceptions_player,9,,"Mohamed Salah, Premier League 2024-25: 38 matches. sum(interceptions) = 9; interceptions blank in 30 matches, 0 by the blank rule."
PL,2024,306,offsides_player,18,,"Mohamed Salah, Premier League 2024-25: 38 matches. sum(offsides) = 18; offsides blank in 24 matches, 0 by the blank rule."
PL,2024,306,passes_accuracy_player_pct,852,1153,"Mohamed Salah, Premier League 2024-25: 38 matches. sum(passes_accurate) = 852; sum(passes) = 1153."
PL,2024,306,passes_accurate_player,852,,"Mohamed Salah, Premier League 2024-25: 38 matches. sum(passes_accurate) = 852."
PL,2024,306,passes_key_per90,8190,3377,"Mohamed Salah, Premier League 2024-25: 38 matches. sum(passes_key) * 90 = 8190; sum(minutes) = 3377; key passes blank in 4 matches, 0 by the blank rule."
PL,2024,306,passes_key_player,91,,"Mohamed Salah, Premier League 2024-25: 38 matches. sum(passes_key) = 91; key passes blank in 4 matches, 0 by the blank rule."
PL,2024,306,passes_per90,103770,3377,"Mohamed Salah, Premier League 2024-25: 38 matches. sum(passes) * 90 = 103770; sum(minutes) = 3377."
PL,2024,306,passes_player,1153,,"Mohamed Salah, Premier League 2024-25: 38 matches. sum(passes) = 1153."
PL,2024,306,penalty_committed_player,0,,"Mohamed Salah, Premier League 2024-25: 38 matches. sum(penalties_committed) = 0; penalties committed blank in 38 matches, 0 by the blank rule."
PL,2024,306,penalty_won_player,,,"Mohamed Salah, Premier League 2024-25: 38 matches. sum(penalties_won) = blank; penalties won blank in 37 matches, 0 by the blank rule; penalties won blank and counted by nobody in fixture 1208218, so the season value is blank."
PL,2024,306,saves_per90,0,3377,"Mohamed Salah, Premier League 2024-25: 38 matches. sum(saves) * 90 = 0; sum(minutes) = 3377; saves blank in 38 matches, 0 by the blank rule."
PL,2024,306,saves_player,0,,"Mohamed Salah, Premier League 2024-25: 38 matches. sum(saves) = 0; saves blank in 38 matches, 0 by the blank rule."
PL,2024,306,saves_player_pct,0,0,"Mohamed Salah, Premier League 2024-25: 38 matches. sum(saves) = 0; sum(saves + goals_against) = 0; saves blank in 38 matches, 0 by the blank rule."
PL,2024,306,scorer_points_per90,4230,3377,"Mohamed Salah, Premier League 2024-25: 38 matches. sum(goals + assists) * 90 = 4230; sum(minutes) = 3377; goals blank in 14 matches, 0 by the blank rule."
PL,2024,306,scorer_points_player,47,,"Mohamed Salah, Premier League 2024-25: 38 matches. sum(goals + assists) = 47; goals blank in 14 matches, 0 by the blank rule."
PL,2024,306,shots_on_goal_against_player,0,,"Mohamed Salah, Premier League 2024-25: 38 matches. sum(saves + goals_against) = 0; saves blank in 38 matches, 0 by the blank rule."
PL,2024,306,shots_on_goal_per90,5490,3377,"Mohamed Salah, Premier League 2024-25: 38 matches. sum(shots_on_target) * 90 = 5490; sum(minutes) = 3377; shots on target blank in 5 matches, 0 by the blank rule."
PL,2024,306,shots_on_goal_player,61,,"Mohamed Salah, Premier League 2024-25: 38 matches. sum(shots_on_target) = 61; shots on target blank in 5 matches, 0 by the blank rule."
PL,2024,306,shots_player,104,,"Mohamed Salah, Premier League 2024-25: 38 matches. sum(shots) = 104; shots blank in 1 match, 0 by the blank rule."
PL,2024,306,tackles_per90,1980,3377,"Mohamed Salah, Premier League 2024-25: 38 matches. sum(tackles) * 90 = 1980; sum(minutes) = 3377; tackles blank in 23 matches, 0 by the blank rule."
PL,2024,306,tackles_player,22,,"Mohamed Salah, Premier League 2024-25: 38 matches. sum(tackles) = 22; tackles blank in 23 matches, 0 by the blank rule."
BL1,2024,184,assists_per90,720,2389,"Harry Kane, Bundesliga 2024-25: 31 matches. sum(assists) * 90 = 720; sum(minutes) = 2389."
BL1,2024,184,assists_player,8,,"Harry Kane, Bundesliga 2024-25: 31 matches. sum(assists) = 8."
BL1,2024,184,blocks_per90,180,2389,"Harry Kane, Bundesliga 2024-25: 31 matches. sum(blocks) * 90 = 180; sum(minutes) = 2389; blocks blank in 29 matches, 0 by the blank rule."
BL1,2024,184,blocks_player,2,,"Harry Kane, Bundesliga 2024-25: 31 matches. sum(blocks) = 2; blocks blank in 29 matches, 0 by the blank rule."
BL1,2024,184,cards_player,5,,"Harry Kane, Bundesliga 2024-25: 31 matches. sum(cards_yellow + cards_red) = 5."
BL1,2024,184,cards_red_player,0,,"Harry Kane, Bundesliga 2024-25: 31 matches. sum(cards_red) = 0."
BL1,2024,184,cards_yellow_player,5,,"Harry Kane, Bundesliga 2024-25: 31 matches. sum(cards_yellow) = 5."
BL1,2024,184,defensive_actions_per90,1710,2389,"Harry Kane, Bundesliga 2024-25: 31 matches. sum(tackles + interceptions + blocks) * 90 = 1710; sum(minutes) = 2389; tackles blank in 21 matches, 0 by the blank rule; interceptions blank in 28 matches, 0 by the blank rule; blocks blank in 29 matches, 0 by the blank rule."
BL1,2024,184,defensive_actions_player,19,,"Harry Kane, Bundesliga 2024-25: 31 matches. sum(tackles + interceptions + blocks) = 19; tackles blank in 21 matches, 0 by the blank rule; interceptions blank in 28 matches, 0 by the blank rule; blocks blank in 29 matches, 0 by the blank rule."
BL1,2024,184,dribbles_attempts_player,49,,"Harry Kane, Bundesliga 2024-25: 31 matches. sum(dribbles) = 49; dribbles blank in 10 matches, 0 by the blank rule."
BL1,2024,184,dribbles_past_player,4,,"Harry Kane, Bundesliga 2024-25: 31 matches. sum(dribbles_against) = 4; dribbled past blank in 27 matches, 0 by the blank rule."
BL1,2024,184,dribbles_success_per90,1890,2389,"Harry Kane, Bundesliga 2024-25: 31 matches. sum(dribbles_success) * 90 = 1890; sum(minutes) = 2389; dribbles completed blank in 18 matches, 0 by the blank rule."
BL1,2024,184,dribbles_success_player,21,,"Harry Kane, Bundesliga 2024-25: 31 matches. sum(dribbles_success) = 21; dribbles completed blank in 18 matches, 0 by the blank rule."
BL1,2024,184,dribbles_success_player_pct,21,49,"Harry Kane, Bundesliga 2024-25: 31 matches. sum(dribbles_success) = 21; sum(dribbles) = 49; dribbles completed blank in 18 matches, 0 by the blank rule; dribbles blank in 10 matches, 0 by the blank rule."
BL1,2024,184,duels_player,164,,"Harry Kane, Bundesliga 2024-25: 31 matches. sum(duels) = 164."
BL1,2024,184,duels_won_per90,7560,2389,"Harry Kane, Bundesliga 2024-25: 31 matches. sum(duels_won) * 90 = 7560; sum(minutes) = 2389; duels won blank in 4 matches, 0 by the blank rule."
BL1,2024,184,duels_won_player,84,,"Harry Kane, Bundesliga 2024-25: 31 matches. sum(duels_won) = 84; duels won blank in 4 matches, 0 by the blank rule."
BL1,2024,184,duels_won_player_pct,84,164,"Harry Kane, Bundesliga 2024-25: 31 matches. sum(duels_won) = 84; sum(duels) = 164; duels won blank in 4 matches, 0 by the blank rule."
BL1,2024,184,finishing_efficiency_player_pct,17,54,"Harry Kane, Bundesliga 2024-25: 31 matches. sum(goals - goals_penalty) = 17; sum(shots_on_target) = 54; goals blank in 14 matches, 0 by the blank rule; shots on target blank in 6 matches, 0 by the blank rule."
BL1,2024,184,goals_against_player,0,,"Harry Kane, Bundesliga 2024-25: 31 matches. sum(goals_against) = 0."
BL1,2024,184,goals_open_play_player,17,,"Harry Kane, Bundesliga 2024-25: 31 matches. sum(goals - goals_penalty) = 17; goals blank in 14 matches, 0 by the blank rule."
BL1,2024,184,goals_penalty_player,9,,"Harry Kane, Bundesliga 2024-25: 31 matches. sum(goals_penalty) = 9."
BL1,2024,184,goals_per90,2340,2389,"Harry Kane, Bundesliga 2024-25: 31 matches. sum(goals) * 90 = 2340; sum(minutes) = 2389; goals blank in 14 matches, 0 by the blank rule."
BL1,2024,184,goals_player,26,,"Harry Kane, Bundesliga 2024-25: 31 matches. sum(goals) = 26; goals blank in 14 matches, 0 by the blank rule."
BL1,2024,184,interceptions_per90,270,2389,"Harry Kane, Bundesliga 2024-25: 31 matches. sum(interceptions) * 90 = 270; sum(minutes) = 2389; interceptions blank in 28 matches, 0 by the blank rule."
BL1,2024,184,interceptions_player,3,,"Harry Kane, Bundesliga 2024-25: 31 matches. sum(interceptions) = 3; interceptions blank in 28 matches, 0 by the blank rule."
BL1,2024,184,offsides_player,,,"Harry Kane, Bundesliga 2024-25: 31 matches. sum(offsides) = blank; offsides blank in 15 matches, 0 by the blank rule; offsides blank and counted by nobody in fixture 1224001, 1224011, 1224130, so the season value is blank."
BL1,2024,184,passes_accuracy_player_pct,499,617,"Harry Kane, Bundesliga 2024-25: 31 matches. sum(passes_accurate) = 499; sum(passes) = 617."
BL1,2024,184,passes_accurate_player,499,,"Harry Kane, Bundesliga 2024-25: 31 matches. sum(passes_accurate) = 499."
BL1,2024,184,passes_key_per90,3150,2389,"Harry Kane, Bundesliga 2024-25: 31 matches. sum(passes_key) * 90 = 3150; sum(minutes) = 2389; key passes blank in 12 matches, 0 by the blank rule."
BL1,2024,184,passes_key_player,35,,"Harry Kane, Bundesliga 2024-25: 31 matches. sum(passes_key) = 35; key passes blank in 12 matches, 0 by the blank rule."
BL1,2024,184,passes_per90,55530,2389,"Harry Kane, Bundesliga 2024-25: 31 matches. sum(passes) * 90 = 55530; sum(minutes) = 2389."
BL1,2024,184,passes_player,617,,"Harry Kane, Bundesliga 2024-25: 31 matches. sum(passes) = 617."
BL1,2024,184,penalty_committed_player,0,,"Harry Kane, Bundesliga 2024-25: 31 matches. sum(penalties_committed) = 0; penalties committed blank in 31 matches, 0 by the blank rule."
BL1,2024,184,penalty_won_player,,,"Harry Kane, Bundesliga 2024-25: 31 matches. sum(penalties_won) = blank; penalties won blank in 27 matches, 0 by the blank rule; penalties won blank and counted by nobody in fixture 1223986, 1224121, so the season value is blank."
BL1,2024,184,saves_per90,0,2389,"Harry Kane, Bundesliga 2024-25: 31 matches. sum(saves) * 90 = 0; sum(minutes) = 2389; saves blank in 31 matches, 0 by the blank rule."
BL1,2024,184,saves_player,0,,"Harry Kane, Bundesliga 2024-25: 31 matches. sum(saves) = 0; saves blank in 31 matches, 0 by the blank rule."
BL1,2024,184,saves_player_pct,0,0,"Harry Kane, Bundesliga 2024-25: 31 matches. sum(saves) = 0; sum(saves + goals_against) = 0; saves blank in 31 matches, 0 by the blank rule."
BL1,2024,184,scorer_points_per90,3060,2389,"Harry Kane, Bundesliga 2024-25: 31 matches. sum(goals + assists) * 90 = 3060; sum(minutes) = 2389; goals blank in 14 matches, 0 by the blank rule."
BL1,2024,184,scorer_points_player,34,,"Harry Kane, Bundesliga 2024-25: 31 matches. sum(goals + assists) = 34; goals blank in 14 matches, 0 by the blank rule."
BL1,2024,184,shots_on_goal_against_player,0,,"Harry Kane, Bundesliga 2024-25: 31 matches. sum(saves + goals_against) = 0; saves blank in 31 matches, 0 by the blank rule."
BL1,2024,184,shots_on_goal_per90,4860,2389,"Harry Kane, Bundesliga 2024-25: 31 matches. sum(shots_on_target) * 90 = 4860; sum(minutes) = 2389; shots on target blank in 6 matches, 0 by the blank rule."
BL1,2024,184,shots_on_goal_player,54,,"Harry Kane, Bundesliga 2024-25: 31 matches. sum(shots_on_target) = 54; shots on target blank in 6 matches, 0 by the blank rule."
BL1,2024,184,shots_player,90,,"Harry Kane, Bundesliga 2024-25: 31 matches. sum(shots) = 90; shots blank in 4 matches, 0 by the blank rule."
BL1,2024,184,tackles_per90,1260,2389,"Harry Kane, Bundesliga 2024-25: 31 matches. sum(tackles) * 90 = 1260; sum(minutes) = 2389; tackles blank in 21 matches, 0 by the blank rule."
BL1,2024,184,tackles_player,14,,"Harry Kane, Bundesliga 2024-25: 31 matches. sum(tackles) = 14; tackles blank in 21 matches, 0 by the blank rule."
