fixture_id,team_id,player_id,stat,expected_value,rule,working
157550,95,22261,goals,1,goals_from_events,"Amiens 0-4 Strasbourg. The per-player count (4 over four players) and the events (4 goals, every scorer with a row) both add up to 4 but credit different players; the events list this player, and the league re-credited the goal to him."
157550,95,3292,goals,0,goals_from_events,"Same match: the per-player count gave this player the goal the events and the league credit to a teammate."
157584,85,276,goals,1,goals_from_events,"PSG 4-0 Saint-Etienne. Count and events both add up to 4 and disagree; the events list this player, as the published match reports do."
157584,85,271,goals,0,goals_from_events,"Same match: the count credited this player with the goal the events give to a teammate."
718582,106,286350,goals,2,,"Brest 5-1 Troyes. The count adds up to 5; the events credit two goals to a provider number with no row in the match (the same player under a second number), so the count stands: 2, as the match reports have it."
718582,106,286350,passes_accurate,8,,"The match's pass values sum below its passes (0.82), so they are counts: 8 accurate of 9 passes stays 8."
232638,487,1863,goals_penalty,1,penalty_goals_limited_to_goals,"The events list two penalty goals for this player but the events do not add up to the score (5 goals for 4) while the count does, and the count gives him 1 goal: penalty goals never more than goals, so 1."
232638,487,1863,goals,1,,"The count adds up to the score (4) and is used: 1."
1387728,81,897,goals_penalty,1,,"The events list his one goal as a penalty, and his goals are 1."
1387728,81,897,penalties_scored,1,penalties_scored_matched_to_penalty_goals,"The provider's per-player penalty count says 0; set to his penalty goals, 1."
1575173,1660,178194,saves,1,limited_to_opponent_shots_on_target,"The opponent had 1 shot on target and missed no penalty, and that figure passes its own check (0-0, at most its 13 shots); his 2 saves, a gap of 1, become 1."
1575173,1660,178194,goals_against,0,,"No keeper in the match has a goals-conceded value, so the provider did not count it; his team conceded none (0-0), which proves 0."
1550091,495,37137,saves,,opponent_shots_on_target_unverified,"His 2 saves exceed the opponent's 1 shot on target, and that figure fails its own check: the opponent scored 2 open-play goals from it. Neither side can be trusted, so saves stay blank."
1570347,540,2813,goals_against,1,,"He played 38 minutes, so he is not the keeper for the whole match; his 1 conceded is within his team's 2 and stays."
1570347,540,2813,saves,3,,"The opponent had 5 shots on target and missed no penalty; 3 saves stay."
1387886,81,36827,goals_against,,matched_to_team_goals_conceded,"The only keeper with minutes, 90 of them; the provider says 0 conceded, the score says 5. A gap of 5 is over 2, so it stays blank."
1575153,163,38753,passes_key,1,limited_to_whole,"2 key passes from 1 delivered pass: a key pass is a pass, so key passes become 1 (a gap of 1)."
1174745,815,270487,passes_accurate,,limited_to_whole,"The match's pass values sum below its passes (0.72), so they are counts: 40 accurate of 12 passes is a gap of 28, over 2, so blank."
872251,413,36887,dribbles,1,raised_to_part,"Dribble attempts blank while others in the match have values, so the blank rule reads 0; but he completed 1 dribble, so attempts are raised to 1."
872251,413,36887,dribbles_success,1,,"His delivered completed dribble stands."
1391100,728,52,passes,2,raised_to_part,"Passes blank while 31 players in the match have a value, so the blank rule reads 0; but he made 2 key passes, so passes are raised to 2."
1391100,728,52,passes_key,2,,"His delivered 2 key passes stand."
1005915,130,9946,cards_red,1,limited_to_card_maximum,"2 red cards for one player: at most 1, a gap of 1."
1570347,541,450497,goals,1,goals_from_events,"Team scored 2; the count gives 1 over one player, the events list 2 goals with both scorers present, one of them this substitute: 1."
1570347,541,450497,shots_on_target,1,raised_to_open_play_goals,"Blank, counted by others, so 0; but he scored 1 open-play goal, so at least 1 on target."
1570347,541,450497,shots,1,raised_to_shots_on_target,"Blank, counted by others, so 0; raised to his 1 shot on target."
1570347,541,450497,minutes,,,"Blank while teammates have minutes, but he scored, so he played: minutes unknown, not 0."
1570346,797,126640,blocks,,,"Nobody in the match has a blocks value and no other source covers blocks: not counted, stays blank."
608668,487,1837,offsides,0,,"Nobody in the match has an offsides value; his team's own statistics line shows 0 offsides, which proves 0."
608668,487,1837,minutes,0,,"Blank while 31 players in the match have minutes, and he did nothing in it: an unused substitute, 0."
1575148,169,362884,minutes,0,,"Blank while teammates have minutes and no stat of his is positive: an unused substitute, 0."
1575148,169,362884,saves,0,,"A substitute keeper with a blank; the other keeper in the match has a saves value, so saves were counted: 0."
1575148,182,512,tackles,0,,"Blank while 17 players in the match have tackles: counted, 0."
571491,84,64256,passes_accurate,74,,"The match's pass values sum to 2.9 times its passes, so they are percentages: 84 passes at 88% is 73.92, rounded 74."
1575175,167,279905,passes_accurate,27,,"The match's pass values sum below its passes (0.80), so they are counts: 27 stays."
1575175,167,163066,penalties_won,0,,"Nobody in the match has a penalties-won value; the match events (substitutions and cards delivered) show no penalty for his team, which proves 0."
