league_code,season,team_id,group_name,points_taken,rule,source_kind,source,note
BPL,2022,740,First Division A: Championship Round,36,halving,match_reports,https://sporza.be/nl/2023/04/22/gent-vergooit-plek-4-en-zulte-waregem-degradeert-dit-zijn-de-play-off-poules-na-halvering-van-punten~1682189717780/ https://www.bruzz.be/sport/union-komt-op-gelijke-hoogte-met-antwerp-2023-05-21,"Antwerp, Pro League 2022-23: 72 regular-season points halved to 36 (rounded up) for the Championship Round."
BPL,2022,742,First Division A: Championship Round,37,halving,match_reports,https://sporza.be/nl/2023/04/22/gent-vergooit-plek-4-en-zulte-waregem-degradeert-dit-zijn-de-play-off-poules-na-halvering-van-punten~1682189717780/ https://www.bruzz.be/sport/union-komt-op-gelijke-hoogte-met-antwerp-2023-05-21,"Genk, Pro League 2022-23: 75 regular-season points halved to 38 (rounded up) for the Championship Round."
BPL,2022,1393,First Division A: Championship Round,37,halving,match_reports,https://sporza.be/nl/2023/04/22/gent-vergooit-plek-4-en-zulte-waregem-degradeert-dit-zijn-de-play-off-poules-na-halvering-van-punten~1682189717780/ https://www.bruzz.be/sport/union-komt-op-gelijke-hoogte-met-antwerp-2023-05-21,"Union St. Gilloise, Pro League 2022-23: 75 regular-season points halved to 38 (rounded up) for the Championship Round."
BPL,2022,569,First Division A: Championship Round,29,halving,match_reports,https://sporza.be/nl/2023/04/22/gent-vergooit-plek-4-en-zulte-waregem-degradeert-dit-zijn-de-play-off-poules-na-halvering-van-punten~1682189717780/ https://www.bruzz.be/sport/union-komt-op-gelijke-hoogte-met-antwerp-2023-05-21,"Club Brugge KV, Pro League 2022-23: 59 regular-season points halved to 30 (rounded up) for the Championship Round."
BPL,2022,631,First Division A: Conference League Play-off Group,28,halving,match_reports,https://sporza.be/nl/2023/04/22/gent-vergooit-plek-4-en-zulte-waregem-degradeert-dit-zijn-de-play-off-poules-na-halvering-van-punten~1682189717780/ https://www.bruzz.be/sport/union-komt-op-gelijke-hoogte-met-antwerp-2023-05-21,"Gent, Pro League 2022-23: 56 regular-season points halved to 28 (rounded up) for the Conference League Play-off Group."
BPL,2022,741,First Division A: Conference League Play-off Group,25,halving,match_reports,https://sporza.be/nl/2023/04/22/gent-vergooit-plek-4-en-zulte-waregem-degradeert-dit-zijn-de-play-off-poules-na-halvering-van-punten~1682189717780/ https://www.bruzz.be/sport/union-komt-op-gelijke-hoogte-met-antwerp-2023-05-21,"Cercle Brugge, Pro League 2022-23: 50 regular-season points halved to 25 (rounded up) for the Conference League Play-off Group."
BPL,2022,733,First Division A: Conference League Play-off Group,27,halving,match_reports,https://sporza.be/nl/2023/04/22/gent-vergooit-plek-4-en-zulte-waregem-degradeert-dit-zijn-de-play-off-poules-na-halvering-van-punten~1682189717780/ https://www.bruzz.be/sport/union-komt-op-gelijke-hoogte-met-antwerp-2023-05-21,"Standard Liege, Pro League 2022-23: 55 regular-season points halved to 28 (rounded up) for the Conference League Play-off Group."
BPL,2022,261,First Division A: Conference League Play-off Group,25,halving,match_reports,https://sporza.be/nl/2023/04/22/gent-vergooit-plek-4-en-zulte-waregem-degradeert-dit-zijn-de-play-off-poules-na-halvering-van-punten~1682189717780/ https://www.bruzz.be/sport/union-komt-op-gelijke-hoogte-met-antwerp-2023-05-21,"KVC Westerlo, Pro League 2022-23: 51 regular-season points halved to 26 (rounded up) for the Conference League Play-off Group."
BPL,2023,569,First Division A: Championship Round,25,halving,official,https://www.proleague.be/fr/informations/de-nouvelles-bases-pour-le-football-professionnel-belge https://sporza.be/nl/2024/03/17/overzicht-wat-is-de-bonus-van-union-op-anderlecht-en-hoe-zien-de-andere-play-offs-er-nu-uit~1710680352411/,"Club Brugge KV, Pro League 2023-24: 51 regular-season points halved to 26 (rounded up) for the Championship Round."
BPL,2023,1393,First Division A: Championship Round,35,halving,official,https://www.proleague.be/fr/informations/de-nouvelles-bases-pour-le-football-professionnel-belge https://sporza.be/nl/2024/03/17/overzicht-wat-is-de-bonus-van-union-op-anderlecht-en-hoe-zien-de-andere-play-offs-er-nu-uit~1710680352411/,"Union St. Gilloise, Pro League 2023-24: 70 regular-season points halved to 35 (rounded up) for the Championship Round."
BPL,2023,554,First Division A: Championship Round,31,halving,official,https://www.proleague.be/fr/informations/de-nouvelles-bases-pour-le-football-professionnel-belge https://sporza.be/nl/2024/03/17/overzicht-wat-is-de-bonus-van-union-op-anderlecht-en-hoe-zien-de-andere-play-offs-er-nu-uit~1710680352411/,"Anderlecht, Pro League 2023-24: 63 regular-season points halved to 32 (rounded up) for the Championship Round."
BPL,2023,741,First Division A: Championship Round,23,halving,official,https://www.proleague.be/fr/informations/de-nouvelles-bases-pour-le-football-professionnel-belge https://sporza.be/nl/2024/03/17/overzicht-wat-is-de-bonus-van-union-op-anderlecht-en-hoe-zien-de-andere-play-offs-er-nu-uit~1710680352411/,"Cercle Brugge, Pro League 2023-24: 47 regular-season points halved to 24 (rounded up) for the Championship Round."
BPL,2023,740,First Division A: Championship Round,26,halving,official,https://www.proleague.be/fr/informations/de-nouvelles-bases-pour-le-football-professionnel-belge https://sporza.be/nl/2024/03/17/overzicht-wat-is-de-bonus-van-union-op-anderlecht-en-hoe-zien-de-andere-play-offs-er-nu-uit~1710680352411/,"Antwerp, Pro League 2023-24: 52 regular-season points halved to 26 (rounded up) for the Championship Round."
BPL,2023,266,First Division A: Conference League Play-off Group,22,halving,official,https://www.proleague.be/fr/informations/de-nouvelles-bases-pour-le-football-professionnel-belge https://sporza.be/nl/2024/03/17/overzicht-wat-is-de-bonus-van-union-op-anderlecht-en-hoe-zien-de-andere-play-offs-er-nu-uit~1710680352411/,"KV Mechelen, Pro League 2023-24: 45 regular-season points halved to 23 (rounded up) for the Conference League Play-off Group."
BPL,2023,735,First Division A: Conference League Play-off Group,20,halving,official,https://www.proleague.be/fr/informations/de-nouvelles-bases-pour-le-football-professionnel-belge https://sporza.be/nl/2024/03/17/overzicht-wat-is-de-bonus-van-union-op-anderlecht-en-hoe-zien-de-andere-play-offs-er-nu-uit~1710680352411/,"St. Truiden, Pro League 2023-24: 40 regular-season points halved to 20 (rounded up) for the Conference League Play-off Group."
BPL,2023,260,First Division A: Conference League Play-off Group,14,halving,official,https://www.proleague.be/fr/informations/de-nouvelles-bases-pour-le-football-professionnel-belge https://sporza.be/nl/2024/03/17/overzicht-wat-is-de-bonus-van-union-op-anderlecht-en-hoe-zien-de-andere-play-offs-er-nu-uit~1710680352411/,"OH Leuven, Pro League 2023-24: 29 regular-season points halved to 15 (rounded up) for the Conference League Play-off Group."
BPL,2023,261,First Division A: Conference League Play-off Group,15,halving,official,https://www.proleague.be/fr/informations/de-nouvelles-bases-pour-le-football-professionnel-belge https://sporza.be/nl/2024/03/17/overzicht-wat-is-de-bonus-van-union-op-anderlecht-en-hoe-zien-de-andere-play-offs-er-nu-uit~1710680352411/,"KVC Westerlo, Pro League 2023-24: 30 regular-season points halved to 15 (rounded up) for the Conference League Play-off Group."
BPL,2023,733,First Division A: Conference League Play-off Group,17,halving,official,https://www.proleague.be/fr/informations/de-nouvelles-bases-pour-le-football-professionnel-belge https://sporza.be/nl/2024/03/17/overzicht-wat-is-de-bonus-van-union-op-anderlecht-en-hoe-zien-de-andere-play-offs-er-nu-uit~1710680352411/,"Standard Liege, Pro League 2023-24: 34 regular-season points halved to 17 (rounded up) for the Conference League Play-off Group."
BPL,2024,1393,Championship Round,27,halving,official,https://www.proleague.be/nieuws/hoe-verlopen-de-play-offs-in-het-seizoen-2024-25,"Union St. Gilloise, Pro League 2024-25: 55 regular-season points halved to 28 (rounded up) for the Championship Round."
BPL,2024,569,Championship Round,29,halving,official,https://www.proleague.be/nieuws/hoe-verlopen-de-play-offs-in-het-seizoen-2024-25,"Club Brugge KV, Pro League 2024-25: 59 regular-season points halved to 30 (rounded up) for the Championship Round."
BPL,2024,742,Championship Round,34,halving,official,https://www.proleague.be/nieuws/hoe-verlopen-de-play-offs-in-het-seizoen-2024-25,"Genk, Pro League 2024-25: 68 regular-season points halved to 34 (rounded up) for the Championship Round."
BPL,2024,554,Championship Round,25,halving,official,https://www.proleague.be/nieuws/hoe-verlopen-de-play-offs-in-het-seizoen-2024-25,"Anderlecht, Pro League 2024-25: 51 regular-season points halved to 26 (rounded up) for the Championship Round."
BPL,2024,631,Championship Round,22,halving,official,https://www.proleague.be/nieuws/hoe-verlopen-de-play-offs-in-het-seizoen-2024-25,"Gent, Pro League 2024-25: 45 regular-season points halved to 23 (rounded up) for the Championship Round."
BPL,2024,261,Qualifying Round,18,halving,official,https://www.proleague.be/nieuws/hoe-verlopen-de-play-offs-in-het-seizoen-2024-25,"KVC Westerlo, Pro League 2024-25: 37 regular-season points halved to 19 (rounded up) for the Qualifying Round."
BPL,2024,266,Qualifying Round,19,halving,official,https://www.proleague.be/nieuws/hoe-verlopen-de-play-offs-in-het-seizoen-2024-25,"KV Mechelen, Pro League 2024-25: 38 regular-season points halved to 19 (rounded up) for the Qualifying Round."
BPL,2024,6215,Qualifying Round,16,halving,official,https://www.proleague.be/nieuws/hoe-verlopen-de-play-offs-in-het-seizoen-2024-25,"Dender, Pro League 2024-25: 32 regular-season points halved to 16 (rounded up) for the Qualifying Round."
BPL,2024,733,Qualifying Round,19,halving,official,https://www.proleague.be/nieuws/hoe-verlopen-de-play-offs-in-het-seizoen-2024-25,"Standard Liege, Pro League 2024-25: 39 regular-season points halved to 20 (rounded up) for the Qualifying Round."
BPL,2024,260,Qualifying Round,18,halving,official,https://www.proleague.be/nieuws/hoe-verlopen-de-play-offs-in-het-seizoen-2024-25,"OH Leuven, Pro League 2024-25: 37 regular-season points halved to 19 (rounded up) for the Qualifying Round."
BPL,2025,569,"Pro League , Championship Round",31,halving,official,https://www.proleague.be/nieuws/algemene-vergadering-huidig-competitieformat-blijft-behouden https://www.proleague.be/nieuws/union-stvv-en-club-brugge-rsc-anderlecht-op-speeldag-1-in-de-champions-play-offs,"Club Brugge KV, Pro League 2025-26: 63 regular-season points halved to 32 (rounded up) for the Championship Round."
BPL,2025,1393,"Pro League , Championship Round",33,halving,official,https://www.proleague.be/nieuws/algemene-vergadering-huidig-competitieformat-blijft-behouden https://www.proleague.be/nieuws/union-stvv-en-club-brugge-rsc-anderlecht-op-speeldag-1-in-de-champions-play-offs,"Union St. Gilloise, Pro League 2025-26: 66 regular-season points halved to 33 (rounded up) for the Championship Round."
BPL,2025,735,"Pro League , Championship Round",28,halving,official,https://www.proleague.be/nieuws/algemene-vergadering-huidig-competitieformat-blijft-behouden https://www.proleague.be/nieuws/union-stvv-en-club-brugge-rsc-anderlecht-op-speeldag-1-in-de-champions-play-offs,"St. Truiden, Pro League 2025-26: 57 regular-season points halved to 29 (rounded up) for the Championship Round."
BPL,2025,554,"Pro League , Championship Round",22,halving,official,https://www.proleague.be/nieuws/algemene-vergadering-huidig-competitieformat-blijft-behouden https://www.proleague.be/nieuws/union-stvv-en-club-brugge-rsc-anderlecht-op-speeldag-1-in-de-champions-play-offs,"Anderlecht, Pro League 2025-26: 44 regular-season points halved to 22 (rounded up) for the Championship Round."
BPL,2025,266,"Pro League , Championship Round",22,halving,official,https://www.proleague.be/nieuws/algemene-vergadering-huidig-competitieformat-blijft-behouden https://www.proleague.be/nieuws/union-stvv-en-club-brugge-rsc-anderlecht-op-speeldag-1-in-de-champions-play-offs,"KV Mechelen, Pro League 2025-26: 45 regular-season points halved to 23 (rounded up) for the Championship Round."
BPL,2025,733,"Pro League , Qualifying Round",20,halving,official,https://www.proleague.be/nieuws/algemene-vergadering-huidig-competitieformat-blijft-behouden https://www.proleague.be/nieuws/union-stvv-en-club-brugge-rsc-anderlecht-op-speeldag-1-in-de-champions-play-offs,"Standard Liege, Pro League 2025-26: 40 regular-season points halved to 20 (rounded up) for the Qualifying Round."
BPL,2025,736,"Pro League , Qualifying Round",17,halving,official,https://www.proleague.be/nieuws/algemene-vergadering-huidig-competitieformat-blijft-behouden https://www.proleague.be/nieuws/union-stvv-en-club-brugge-rsc-anderlecht-op-speeldag-1-in-de-champions-play-offs,"Charleroi, Pro League 2025-26: 34 regular-season points halved to 17 (rounded up) for the Qualifying Round."
BPL,2025,261,"Pro League , Qualifying Round",19,halving,official,https://www.proleague.be/nieuws/algemene-vergadering-huidig-competitieformat-blijft-behouden https://www.proleague.be/nieuws/union-stvv-en-club-brugge-rsc-anderlecht-op-speeldag-1-in-de-champions-play-offs,"KVC Westerlo, Pro League 2025-26: 39 regular-season points halved to 20 (rounded up) for the Qualifying Round."
BPL,2025,740,"Pro League , Qualifying Round",17,halving,official,https://www.proleague.be/nieuws/algemene-vergadering-huidig-competitieformat-blijft-behouden https://www.proleague.be/nieuws/union-stvv-en-club-brugge-rsc-anderlecht-op-speeldag-1-in-de-champions-play-offs,"Antwerp, Pro League 2025-26: 35 regular-season points halved to 18 (rounded up) for the Qualifying Round."
BPL,2025,260,"Pro League , Qualifying Round",17,halving,official,https://www.proleague.be/nieuws/algemene-vergadering-huidig-competitieformat-blijft-behouden https://www.proleague.be/nieuws/union-stvv-en-club-brugge-rsc-anderlecht-op-speeldag-1-in-de-champions-play-offs,"OH Leuven, Pro League 2025-26: 34 regular-season points halved to 17 (rounded up) for the Qualifying Round."
ED,2023,200,Eredivisie,18,deduction,official,https://www.knvb.nl/nieuws/betaald-voetbal/licentiezaken/69055/licentiecommisie-18-wedstrijdpunten-mindering-voor https://eredivisie.nl/nieuws/vitesse-krijgt-18-punten-in-mindering-en-degradeert-na-35-jaar-uit-de-eredivisie/,"Vitesse, Eredivisie 2023-24: 18 points deducted by the KNVB licensing commission (19 Apr 2024)."
EKS,2025,343,Ekstraklasa,5,deduction,official,https://pzpn.pl/federacja/aktualnosci/2025-05-16/komunikat-komisji-odwolawczej-ds-licencji-klubowych-pzpn-w-sprawie-odwolania-lechii-gdansk,"Lechia Gdansk, Ekstraklasa 2025-26: 5 points deducted by the PZPN licensing appeals committee (16 May 2025)."
L1,2021,84,Ligue 1,1,deduction,official,https://www.lfp.fr/Articles/DISCIPLINE/2021/09/08/commission-de-discipline-les-decisions-du-8-septembre,"OGC Nice, Ligue 1 2021-22: 2 points by the LFP disciplinary commission, 1 of them suspended, after the Nice-Marseille incidents (8 Sep 2021)."
L1,2021,80,Ligue 1,1,deduction,official,https://www.lfp.fr/article/commission-de-discipline-les-decisions-du-8-decembre-2021,"Olympique Lyonnais, Ligue 1 2021-22: 1 point deducted by the LFP disciplinary commission after the abandoned Lyon-Marseille match (8 Dec 2021)."
L1,2023,82,Ligue 1,1,deduction,official,https://www.lfp.fr/article/commission-de-discipline-les-decisions-du-25-octobre-2023,"Montpellier, Ligue 1 2023-24: 2 points by the LFP disciplinary commission, 1 of them suspended, after the Montpellier-Clermont firecracker (25 Oct 2023)."
PL,2023,45,Premier League,8,deduction,official,https://www.premierleague.com/en/news/3788486 https://www.premierleague.com/en/news/3912574 https://www.premierleague.com/en/news/3960088,"Everton, Premier League 2023-24: 10 points deducted (17 Nov 2023), reduced to 6 on appeal (26 Feb 2024), then 2 more (8 Apr 2024): 8 in all."
PL,2023,65,Premier League,4,deduction,official,https://www.premierleague.com/en/news/3936397 https://www.premierleague.com/en/news/3999776,"Nottingham Forest, Premier League 2023-24: 4 points deducted (18 Mar 2024), upheld on appeal (7 May 2024)."
SA,2018,491,Serie A,3,deduction,official,https://www.figc.it/it/federazione/news/tfn-3-punti-di-penalizzazione-al-chievo-verona-tre-mesi-di-inibizione-a-luca-campedelli/,"Chievo, Serie A 2018-19: 3 points deducted by the FIGC national tribunal (13 Sep 2018)."
SA,2022,496,Serie A,10,deduction,official,https://www.figc.it/it/federazione/news/caso-plusvalenze-dieci-punti-di-penalizzazione-per-la-juventus-da-scontare-nella-corrente-stagione-sportiva-nkac3p2i,"Juventus, Serie A 2022-23: 10 points deducted by the FIGC federal court of appeal (22 May 2023)."
TSL,2022,1001,Süper Lig,3,deduction,official,https://www.tff.org/Default.aspx?pageId=200&ftxtId=39321,"Kayserispor, Super Lig 2022-23: 3 points deducted by the TFF club licensing board (23 Dec 2022)."
TSL,2023,1001,Süper Lig,3,deduction,match_reports,https://www.aspor.com.tr/futbol/2023/11/30/tffden-7-kulube-3-puan-silme-cezasi https://beinsports.com.tr/haber/tff-kulup-lisans-kurulu-acikladi-7-kulube-puan-silme-cezasi,"Kayserispor, Super Lig 2023-24: 3 points deducted by the TFF club licensing board (30 Nov 2023)."
TSL,2023,3578,Süper Lig,3,deduction,official,https://www.tff.org/default.aspx?pageID=246&ftxtID=43023,"Istanbulspor, Super Lig 2023-24: 3 points deducted by the TFF disciplinary board after walking off against Trabzonspor (23 Dec 2023)."
TSL,2024,3563,Süper Lig,12,deduction,official,https://www.tff.org/default.aspx?pageID=687&ftxtID=46718 https://www.tff.org/default.aspx?pageID=246&ftxtID=46746 https://www.tff.org/default.aspx?pageID=687&ftxtID=46876,"Adana Demirspor, Super Lig 2024-25: 3 points (TFF licensing, 5 Dec 2024), 3 (TFF disciplinary, 13 Feb 2025) and 6 (FIFA, 25 Feb 2025): 12 in all."
WCQSA,2026,2382,WC Qualification South America,3,deduction,official,https://www.tas-cas.org/generated/assets/lists/feb900ba-1137-4b78-a9ff-d68af7869087/CAS_9175-9176.pdf,"Ecuador, World Cup 2026 South American qualifiers: 3 points deducted by the Court of Arbitration for Sport (Byron Castillo case, 8 Nov 2022)."
