league_code,season,team_id,metric_id,numerator,denominator,working
WC,2026,9,blocks_per_match,13,8,"Spain, World Cup 2026: 8 matches. sum(blocks) = 13; matches = 8."
WC,2026,9,cards_red,0,,"Spain, World Cup 2026: 8 matches. sum(cards_red) = 0; red cards blank in 6 matches, 0 by the blank rule."
WC,2026,9,cards_yellow,6,,"Spain, World Cup 2026: 8 matches. sum(cards_yellow) = 6."
WC,2026,9,clean_sheets,7,,"Spain, World Cup 2026: 8 matches. countif(goals_against = 0) = 7."
WC,2026,9,clean_sheets_pct,7,8,"Spain, World Cup 2026: 8 matches. countif(goals_against = 0) = 7; matches = 8."
WC,2026,9,corners,54,,"Spain, World Cup 2026: 8 matches. sum(corners) = 54."
WC,2026,9,corners_against_per_match,18,8,"Spain, World Cup 2026: 8 matches. sum(corners_against) = 18; matches = 8."
WC,2026,9,corners_per_match,54,8,"Spain, World Cup 2026: 8 matches. sum(corners) = 54; matches = 8."
WC,2026,9,defensive_actions_per_match,201,8,"Spain, World Cup 2026: 8 matches. sum(tackles + interceptions + blocks) = 201; matches = 8."
WC,2026,9,duels_per_match,712,8,"Spain, World Cup 2026: 8 matches. sum(duels) = 712; matches = 8."
WC,2026,9,duels_won_pct,367,712,"Spain, World Cup 2026: 8 matches. sum(duels_won) = 367; sum(duels) = 712."
WC,2026,9,finishing_efficiency_pct,12,54,"Spain, World Cup 2026: 8 matches. sum(goals - goals_penalty - goals_own) = 12; sum(shots_on_target) = 54."
WC,2026,9,goals,14,,"Spain, World Cup 2026: 8 matches. sum(goals) = 14."
WC,2026,9,goals_against,1,,"Spain, World Cup 2026: 8 matches. sum(goals_against) = 1."
WC,2026,9,goals_against_per_match,1,8,"Spain, World Cup 2026: 8 matches. sum(goals_against) = 1; matches = 8."
WC,2026,9,goals_open_play,12,,"Spain, World Cup 2026: 8 matches. sum(goals - goals_penalty - goals_own) = 12."
WC,2026,9,goals_own,1,,"Spain, World Cup 2026: 8 matches. sum(goals_own) = 1."
WC,2026,9,goals_penalty,1,,"Spain, World Cup 2026: 8 matches. sum(goals_penalty) = 1."
WC,2026,9,goals_per_match,14,8,"Spain, World Cup 2026: 8 matches. sum(goals) = 14; matches = 8."
WC,2026,9,interceptions_per_match,61,8,"Spain, World Cup 2026: 8 matches. sum(interceptions) = 61; matches = 8."
WC,2026,9,passes_accuracy_pct,4780,5324,"Spain, World Cup 2026: 8 matches. sum(passes_accurate) = 4780; sum(passes) = 5324."
WC,2026,9,passes_key_per_match,105,8,"Spain, World Cup 2026: 8 matches. sum(passes_key) = 105; matches = 8."
WC,2026,9,passes_per_match,5324,8,"Spain, World Cup 2026: 8 matches. sum(passes) = 5324; matches = 8."
WC,2026,9,points_capture_pct,22,24,"Spain, World Cup 2026: 8 matches. sum(case result when 'W' then 3 when 'D' then 1 else 0 end) = 22; 3 * matches = 24."
WC,2026,9,points_won,22,,"Spain, World Cup 2026: 8 matches. sum(case result when 'W' then 3 when 'D' then 1 else 0 end) = 22."
WC,2026,9,saves,9,,"Spain, World Cup 2026: 8 matches. sum(saves) = 9; saves lowered by 1 to the opponent's shots on target in fixture 1489417."
WC,2026,9,saves_pct,9,10,"Spain, World Cup 2026: 8 matches. sum(saves) = 9; sum(saves + goals_against - goals_own_against) = 10; saves lowered by 1 to the opponent's shots on target in fixture 1489417."
WC,2026,9,shots_inside_box,81,,"Spain, World Cup 2026: 8 matches. sum(shots_inside_box) = 81."
WC,2026,9,shots_inside_box_pct,81,140,"Spain, World Cup 2026: 8 matches. sum(shots_inside_box) = 81; sum(shots) = 140."
WC,2026,9,shots_on_goal_against_per_match,10,8,"Spain, World Cup 2026: 8 matches. sum(shots_on_target_against) = 10; matches = 8."
WC,2026,9,shots_on_goal_difference_per_match,44,8,"Spain, World Cup 2026: 8 matches. sum(shots_on_target - shots_on_target_against) = 44; matches = 8."
WC,2026,9,shots_on_goal_pct,54,140,"Spain, World Cup 2026: 8 matches. sum(shots_on_target) = 54; sum(shots) = 140."
WC,2026,9,shots_on_goal_per_match,54,8,"Spain, World Cup 2026: 8 matches. sum(shots_on_target) = 54; matches = 8."
WC,2026,9,shots_per_match,140,8,"Spain, World Cup 2026: 8 matches. sum(shots) = 140; matches = 8."
WC,2026,9,shots_share_pct,140,186,"Spain, World Cup 2026: 8 matches. sum(shots) = 140; sum(shots + shots_against) = 186."
WC,2026,9,tackles_per_match,127,8,"Spain, World Cup 2026: 8 matches. sum(tackles) = 127; matches = 8."
WC,2026,26,blocks_per_match,19,8,"Argentina, World Cup 2026: 8 matches. sum(blocks) = 19; matches = 8."
WC,2026,26,cards_red,1,,"Argentina, World Cup 2026: 8 matches. sum(cards_red) = 1; red cards blank in 6 matches, 0 by the blank rule."
WC,2026,26,cards_yellow,15,,"Argentina, World Cup 2026: 8 matches. sum(cards_yellow) = 15; yellow cards blank in 1 match, 0 by the blank rule."
WC,2026,26,clean_sheets,2,,"Argentina, World Cup 2026: 8 matches. countif(goals_against = 0) = 2."
WC,2026,26,clean_sheets_pct,2,8,"Argentina, World Cup 2026: 8 matches. countif(goals_against = 0) = 2; matches = 8."
WC,2026,26,corners,41,,"Argentina, World Cup 2026: 8 matches. sum(corners) = 41."
WC,2026,26,corners_against_per_match,28,8,"Argentina, World Cup 2026: 8 matches. sum(corners_against) = 28; matches = 8."
WC,2026,26,corners_per_match,41,8,"Argentina, World Cup 2026: 8 matches. sum(corners) = 41; matches = 8."
WC,2026,26,defensive_actions_per_match,260,8,"Argentina, World Cup 2026: 8 matches. sum(tackles + interceptions + blocks) = 260; matches = 8."
WC,2026,26,duels_per_match,778,8,"Argentina, World Cup 2026: 8 matches. sum(duels) = 778; matches = 8."
WC,2026,26,duels_won_pct,401,778,"Argentina, World Cup 2026: 8 matches. sum(duels_won) = 401; sum(duels) = 778."
WC,2026,26,finishing_efficiency_pct,17,44,"Argentina, World Cup 2026: 8 matches. sum(goals - goals_penalty - goals_own) = 17; sum(shots_on_target) = 44."
WC,2026,26,goals,19,,"Argentina, World Cup 2026: 8 matches. sum(goals) = 19."
WC,2026,26,goals_against,8,,"Argentina, World Cup 2026: 8 matches. sum(goals_against) = 8."
WC,2026,26,goals_against_per_match,8,8,"Argentina, World Cup 2026: 8 matches. sum(goals_against) = 8; matches = 8."
WC,2026,26,goals_open_play,17,,"Argentina, World Cup 2026: 8 matches. sum(goals - goals_penalty - goals_own) = 17."
WC,2026,26,goals_own,1,,"Argentina, World Cup 2026: 8 matches. sum(goals_own) = 1."
WC,2026,26,goals_penalty,1,,"Argentina, World Cup 2026: 8 matches. sum(goals_penalty) = 1."
WC,2026,26,goals_per_match,19,8,"Argentina, World Cup 2026: 8 matches. sum(goals) = 19; matches = 8."
WC,2026,26,interceptions_per_match,82,8,"Argentina, World Cup 2026: 8 matches. sum(interceptions) = 82; matches = 8."
WC,2026,26,passes_accuracy_pct,4561,5109,"Argentina, World Cup 2026: 8 matches. sum(passes_accurate) = 4561; sum(passes) = 5109."
WC,2026,26,passes_key_per_match,78,8,"Argentina, World Cup 2026: 8 matches. sum(passes_key) = 78; matches = 8."
WC,2026,26,passes_per_match,5109,8,"Argentina, World Cup 2026: 8 matches. sum(passes) = 5109; matches = 8."
WC,2026,26,points_capture_pct,21,24,"Argentina, World Cup 2026: 8 matches. sum(case result when 'W' then 3 when 'D' then 1 else 0 end) = 21; 3 * matches = 24."
WC,2026,26,points_won,21,,"Argentina, World Cup 2026: 8 matches. sum(case result when 'W' then 3 when 'D' then 1 else 0 end) = 21."
WC,2026,26,saves,20,,"Argentina, World Cup 2026: 8 matches. sum(saves) = 20."
WC,2026,26,saves_pct,20,28,"Argentina, World Cup 2026: 8 matches. sum(saves) = 20; sum(saves + goals_against - goals_own_against) = 28."
WC,2026,26,shots_inside_box,66,,"Argentina, World Cup 2026: 8 matches. sum(shots_inside_box) = 66."
WC,2026,26,shots_inside_box_pct,66,114,"Argentina, World Cup 2026: 8 matches. sum(shots_inside_box) = 66; sum(shots) = 114."
WC,2026,26,shots_on_goal_against_per_match,28,8,"Argentina, World Cup 2026: 8 matches. sum(shots_on_target_against) = 28; matches = 8."
WC,2026,26,shots_on_goal_difference_per_match,16,8,"Argentina, World Cup 2026: 8 matches. sum(shots_on_target - shots_on_target_against) = 16; matches = 8."
WC,2026,26,shots_on_goal_pct,44,114,"Argentina, World Cup 2026: 8 matches. sum(shots_on_target) = 44; sum(shots) = 114."
WC,2026,26,shots_on_goal_per_match,44,8,"Argentina, World Cup 2026: 8 matches. sum(shots_on_target) = 44; matches = 8."
WC,2026,26,shots_per_match,114,8,"Argentina, World Cup 2026: 8 matches. sum(shots) = 114; matches = 8."
WC,2026,26,shots_share_pct,114,189,"Argentina, World Cup 2026: 8 matches. sum(shots) = 114; sum(shots + shots_against) = 189."
WC,2026,26,tackles_per_match,159,8,"Argentina, World Cup 2026: 8 matches. sum(tackles) = 159; matches = 8."
EURO,2024,9,blocks_per_match,21,7,"Spain, EURO 2024: 7 matches. sum(blocks) = 21; matches = 7."
EURO,2024,9,cards_red,1,,"Spain, EURO 2024: 7 matches. sum(cards_red) = 1; red cards blank in 6 matches, 0 by the blank rule."
EURO,2024,9,cards_yellow,16,,"Spain, EURO 2024: 7 matches. sum(cards_yellow) = 16."
EURO,2024,9,clean_sheets,3,,"Spain, EURO 2024: 7 matches. countif(goals_against = 0) = 3."
EURO,2024,9,clean_sheets_pct,3,7,"Spain, EURO 2024: 7 matches. countif(goals_against = 0) = 3; matches = 7."
EURO,2024,9,corners,44,,"Spain, EURO 2024: 7 matches. sum(corners) = 44."
EURO,2024,9,corners_against_per_match,20,7,"Spain, EURO 2024: 7 matches. sum(corners_against) = 20; matches = 7."
EURO,2024,9,corners_per_match,44,7,"Spain, EURO 2024: 7 matches. sum(corners) = 44; matches = 7."
EURO,2024,9,defensive_actions_per_match,168,7,"Spain, EURO 2024: 7 matches. sum(tackles + interceptions + blocks) = 168; matches = 7."
EURO,2024,9,duels_per_match,686,7,"Spain, EURO 2024: 7 matches. sum(duels) = 686; matches = 7."
EURO,2024,9,duels_won_pct,334,686,"Spain, EURO 2024: 7 matches. sum(duels_won) = 334; sum(duels) = 686."
EURO,2024,9,finishing_efficiency_pct,14,44,"Spain, EURO 2024: 7 matches. sum(goals - goals_penalty - goals_own) = 14; sum(shots_on_target) = 44."
EURO,2024,9,goals,15,,"Spain, EURO 2024: 7 matches. sum(goals) = 15."
EURO,2024,9,goals_against,4,,"Spain, EURO 2024: 7 matches. sum(goals_against) = 4."
EURO,2024,9,goals_against_per_match,4,7,"Spain, EURO 2024: 7 matches. sum(goals_against) = 4; matches = 7."
EURO,2024,9,goals_open_play,14,,"Spain, EURO 2024: 7 matches. sum(goals - goals_penalty - goals_own) = 14."
EURO,2024,9,goals_own,1,,"Spain, EURO 2024: 7 matches. sum(goals_own) = 1."
EURO,2024,9,goals_penalty,0,,"Spain, EURO 2024: 7 matches. sum(goals_penalty) = 0."
EURO,2024,9,goals_per_match,15,7,"Spain, EURO 2024: 7 matches. sum(goals) = 15; matches = 7."
EURO,2024,9,interceptions_per_match,41,7,"Spain, EURO 2024: 7 matches. sum(interceptions) = 41; matches = 7."
EURO,2024,9,passes_accuracy_pct,3613,4037,"Spain, EURO 2024: 7 matches. sum(passes_accurate) = 3613; sum(passes) = 4037."
EURO,2024,9,passes_key_per_match,110,7,"Spain, EURO 2024: 7 matches. sum(passes_key) = 110; matches = 7."
EURO,2024,9,passes_per_match,4037,7,"Spain, EURO 2024: 7 matches. sum(passes) = 4037; matches = 7."
EURO,2024,9,points_capture_pct,21,21,"Spain, EURO 2024: 7 matches. sum(case result when 'W' then 3 when 'D' then 1 else 0 end) = 21; 3 * matches = 21."
EURO,2024,9,points_won,21,,"Spain, EURO 2024: 7 matches. sum(case result when 'W' then 3 when 'D' then 1 else 0 end) = 21."
EURO,2024,9,saves,19,,"Spain, EURO 2024: 7 matches. sum(saves) = 19."
EURO,2024,9,saves_pct,19,22,"Spain, EURO 2024: 7 matches. sum(saves) = 19; sum(saves + goals_against - goals_own_against) = 22."
EURO,2024,9,shots_inside_box,71,,"Spain, EURO 2024: 7 matches. sum(shots_inside_box) = 71."
EURO,2024,9,shots_inside_box_pct,71,122,"Spain, EURO 2024: 7 matches. sum(shots_inside_box) = 71; sum(shots) = 122."
EURO,2024,9,shots_on_goal_against_per_match,22,7,"Spain, EURO 2024: 7 matches. sum(shots_on_target_against) = 22; matches = 7."
EURO,2024,9,shots_on_goal_difference_per_match,22,7,"Spain, EURO 2024: 7 matches. sum(shots_on_target - shots_on_target_against) = 22; matches = 7."
EURO,2024,9,shots_on_goal_pct,44,122,"Spain, EURO 2024: 7 matches. sum(shots_on_target) = 44; sum(shots) = 122."
EURO,2024,9,shots_on_goal_per_match,44,7,"Spain, EURO 2024: 7 matches. sum(shots_on_target) = 44; matches = 7."
EURO,2024,9,shots_per_match,122,7,"Spain, EURO 2024: 7 matches. sum(shots) = 122; matches = 7."
EURO,2024,9,shots_share_pct,122,197,"Spain, EURO 2024: 7 matches. sum(shots) = 122; sum(shots + shots_against) = 197."
EURO,2024,9,tackles_per_match,106,7,"Spain, EURO 2024: 7 matches. sum(tackles) = 106; matches = 7."
BL1,2024,182,blocks_per_match,104,33,"Union Berlin, Bundesliga 2024-25: 33 of 34 matches, the awarded one left out. sum(blocks) = 104; matches = 33."
BL1,2024,182,cards_red,1,,"Union Berlin, Bundesliga 2024-25: 33 of 34 matches, the awarded one left out. sum(cards_red) = 1; red cards blank in 31 matches, 0 by the blank rule."
BL1,2024,182,cards_yellow,70,,"Union Berlin, Bundesliga 2024-25: 33 of 34 matches, the awarded one left out. sum(cards_yellow) = 70; yellow cards blank in 1 match, 0 by the blank rule."
BL1,2024,182,clean_sheets,8,,"Union Berlin, Bundesliga 2024-25: 33 of 34 matches, the awarded one left out. countif(goals_against = 0) = 8."
BL1,2024,182,clean_sheets_pct,8,33,"Union Berlin, Bundesliga 2024-25: 33 of 34 matches, the awarded one left out. countif(goals_against = 0) = 8; matches = 33."
BL1,2024,182,corners,145,,"Union Berlin, Bundesliga 2024-25: 33 of 34 matches, the awarded one left out. sum(corners) = 145."
BL1,2024,182,corners_against_per_match,161,33,"Union Berlin, Bundesliga 2024-25: 33 of 34 matches, the awarded one left out. sum(corners_against) = 161; matches = 33."
BL1,2024,182,corners_per_match,145,33,"Union Berlin, Bundesliga 2024-25: 33 of 34 matches, the awarded one left out. sum(corners) = 145; matches = 33."
BL1,2024,182,defensive_actions_per_match,931,33,"Union Berlin, Bundesliga 2024-25: 33 of 34 matches, the awarded one left out. sum(tackles + interceptions + blocks) = 931; matches = 33."
BL1,2024,182,duels_per_match,3381,33,"Union Berlin, Bundesliga 2024-25: 33 of 34 matches, the awarded one left out. sum(duels) = 3381; matches = 33."
BL1,2024,182,duels_won_pct,1623,3381,"Union Berlin, Bundesliga 2024-25: 33 of 34 matches, the awarded one left out. sum(duels_won) = 1623; sum(duels) = 3381."
BL1,2024,182,finishing_efficiency_pct,32,120,"Union Berlin, Bundesliga 2024-25: 33 of 34 matches, the awarded one left out. sum(goals - goals_penalty - goals_own) = 32; sum(shots_on_target) = 120."
BL1,2024,182,goals,35,,"Union Berlin, Bundesliga 2024-25: 34 matches, the awarded one counted. sum(goals) = 35."
BL1,2024,182,goals_against,51,,"Union Berlin, Bundesliga 2024-25: 34 matches, the awarded one counted. sum(goals_against) = 51."
BL1,2024,182,goals_against_per_match,49,33,"Union Berlin, Bundesliga 2024-25: 33 of 34 matches, the awarded one left out. sum(goals_against) = 49; matches = 33."
BL1,2024,182,goals_open_play,32,,"Union Berlin, Bundesliga 2024-25: 33 of 34 matches, the awarded one left out. sum(goals - goals_penalty - goals_own) = 32."
BL1,2024,182,goals_own,0,,"Union Berlin, Bundesliga 2024-25: 33 of 34 matches, the awarded one left out. sum(goals_own) = 0."
BL1,2024,182,goals_penalty,3,,"Union Berlin, Bundesliga 2024-25: 33 of 34 matches, the awarded one left out. sum(goals_penalty) = 3."
BL1,2024,182,goals_per_match,35,33,"Union Berlin, Bundesliga 2024-25: 33 of 34 matches, the awarded one left out. sum(goals) = 35; matches = 33."
BL1,2024,182,interceptions_per_match,298,33,"Union Berlin, Bundesliga 2024-25: 33 of 34 matches, the awarded one left out. sum(interceptions) = 298; matches = 33."
BL1,2024,182,passes_accuracy_pct,8729,11667,"Union Berlin, Bundesliga 2024-25: 33 of 34 matches, the awarded one left out. sum(passes_accurate) = 8729; sum(passes) = 11667."
BL1,2024,182,passes_key_per_match,279,33,"Union Berlin, Bundesliga 2024-25: 33 of 34 matches, the awarded one left out. sum(passes_key) = 279; matches = 33."
BL1,2024,182,passes_per_match,11667,33,"Union Berlin, Bundesliga 2024-25: 33 of 34 matches, the awarded one left out. sum(passes) = 11667; matches = 33."
BL1,2024,182,points_capture_pct,40,99,"Union Berlin, Bundesliga 2024-25: 33 of 34 matches, the awarded one left out. sum(case result when 'W' then 3 when 'D' then 1 else 0 end) = 40; 3 * matches = 99."
BL1,2024,182,points_won,40,,"Union Berlin, Bundesliga 2024-25: 34 matches, the awarded one counted. sum(case result when 'W' then 3 when 'D' then 1 else 0 end) = 40."
BL1,2024,182,saves,89,,"Union Berlin, Bundesliga 2024-25: 33 of 34 matches, the awarded one left out. sum(saves) = 89."
BL1,2024,182,saves_pct,89,137,"Union Berlin, Bundesliga 2024-25: 33 of 34 matches, the awarded one left out. sum(saves) = 89; sum(saves + goals_against - goals_own_against) = 137."
BL1,2024,182,shots_inside_box,264,,"Union Berlin, Bundesliga 2024-25: 33 of 34 matches, the awarded one left out. sum(shots_inside_box) = 264."
BL1,2024,182,shots_inside_box_pct,264,395,"Union Berlin, Bundesliga 2024-25: 33 of 34 matches, the awarded one left out. sum(shots_inside_box) = 264; sum(shots) = 395."
BL1,2024,182,shots_on_goal_against_per_match,137,33,"Union Berlin, Bundesliga 2024-25: 33 of 34 matches, the awarded one left out. sum(shots_on_target_against) = 137; matches = 33."
BL1,2024,182,shots_on_goal_difference_per_match,-17,33,"Union Berlin, Bundesliga 2024-25: 33 of 34 matches, the awarded one left out. sum(shots_on_target - shots_on_target_against) = -17; matches = 33."
BL1,2024,182,shots_on_goal_pct,120,395,"Union Berlin, Bundesliga 2024-25: 33 of 34 matches, the awarded one left out. sum(shots_on_target) = 120; sum(shots) = 395."
BL1,2024,182,shots_on_goal_per_match,120,33,"Union Berlin, Bundesliga 2024-25: 33 of 34 matches, the awarded one left out. sum(shots_on_target) = 120; matches = 33."
BL1,2024,182,shots_per_match,395,33,"Union Berlin, Bundesliga 2024-25: 33 of 34 matches, the awarded one left out. sum(shots) = 395; matches = 33."
BL1,2024,182,shots_share_pct,395,797,"Union Berlin, Bundesliga 2024-25: 33 of 34 matches, the awarded one left out. sum(shots) = 395; sum(shots + shots_against) = 797."
BL1,2024,182,tackles_per_match,529,33,"Union Berlin, Bundesliga 2024-25: 33 of 34 matches, the awarded one left out. sum(tackles) = 529; matches = 33."
PL,2024,40,blocks_per_match,97,38,"Liverpool, Premier League 2024-25: 38 matches. sum(blocks) = 97; matches = 38."
PL,2024,40,cards_red,3,,"Liverpool, Premier League 2024-25: 38 matches. sum(cards_red) = 3; red cards blank in 34 matches, 0 by the blank rule."
PL,2024,40,cards_yellow,67,,"Liverpool, Premier League 2024-25: 38 matches. sum(cards_yellow) = 67; yellow cards blank in 2 matches, 0 by the blank rule."
PL,2024,40,clean_sheets,14,,"Liverpool, Premier League 2024-25: 38 matches. countif(goals_against = 0) = 14."
PL,2024,40,clean_sheets_pct,14,38,"Liverpool, Premier League 2024-25: 38 matches. countif(goals_against = 0) = 14; matches = 38."
PL,2024,40,corners,251,,"Liverpool, Premier League 2024-25: 38 matches. sum(corners) = 251."
PL,2024,40,corners_against_per_match,139,38,"Liverpool, Premier League 2024-25: 38 matches. sum(corners_against) = 139; matches = 38."
PL,2024,40,corners_per_match,251,38,"Liverpool, Premier League 2024-25: 38 matches. sum(corners) = 251; matches = 38."
PL,2024,40,defensive_actions_per_match,1042,38,"Liverpool, Premier League 2024-25: 38 matches. sum(tackles + interceptions + blocks) = 1042; matches = 38."
PL,2024,40,duels_per_match,3474,38,"Liverpool, Premier League 2024-25: 38 matches. sum(duels) = 3474; matches = 38."
PL,2024,40,duels_won_pct,1711,3474,"Liverpool, Premier League 2024-25: 38 matches. sum(duels_won) = 1711; sum(duels) = 3474."
PL,2024,40,finishing_efficiency_pct,76,231,"Liverpool, Premier League 2024-25: 38 matches. sum(goals - goals_penalty - goals_own) = 76; sum(shots_on_target) = 231."
PL,2024,40,goals,86,,"Liverpool, Premier League 2024-25: 38 matches. sum(goals) = 86."
PL,2024,40,goals_against,41,,"Liverpool, Premier League 2024-25: 38 matches. sum(goals_against) = 41."
PL,2024,40,goals_against_per_match,41,38,"Liverpool, Premier League 2024-25: 38 matches. sum(goals_against) = 41; matches = 38."
PL,2024,40,goals_open_play,76,,"Liverpool, Premier League 2024-25: 38 matches. sum(goals - goals_penalty - goals_own) = 76."
PL,2024,40,goals_own,1,,"Liverpool, Premier League 2024-25: 38 matches. sum(goals_own) = 1."
PL,2024,40,goals_penalty,9,,"Liverpool, Premier League 2024-25: 38 matches. sum(goals_penalty) = 9."
PL,2024,40,goals_per_match,86,38,"Liverpool, Premier League 2024-25: 38 matches. sum(goals) = 86; matches = 38."
PL,2024,40,interceptions_per_match,297,38,"Liverpool, Premier League 2024-25: 38 matches. sum(interceptions) = 297; matches = 38."
PL,2024,40,passes_accuracy_pct,17341,20098,"Liverpool, Premier League 2024-25: 38 matches. sum(passes_accurate) = 17341; sum(passes) = 20098."
PL,2024,40,passes_key_per_match,518,38,"Liverpool, Premier League 2024-25: 38 matches. sum(passes_key) = 518; matches = 38."
PL,2024,40,passes_per_match,20098,38,"Liverpool, Premier League 2024-25: 38 matches. sum(passes) = 20098; matches = 38."
PL,2024,40,points_capture_pct,84,114,"Liverpool, Premier League 2024-25: 38 matches. sum(case result when 'W' then 3 when 'D' then 1 else 0 end) = 84; 3 * matches = 114."
PL,2024,40,points_won,84,,"Liverpool, Premier League 2024-25: 38 matches. sum(case result when 'W' then 3 when 'D' then 1 else 0 end) = 84."
PL,2024,40,saves,100,,"Liverpool, Premier League 2024-25: 38 matches. sum(saves) = 100; saves lowered by 1 to the opponent's shots on target in fixture 1208066, 1208147, 1208212, 1208234, 1208253, 1208291."
PL,2024,40,saves_pct,100,139,"Liverpool, Premier League 2024-25: 38 matches. sum(saves) = 100; sum(saves + goals_against - goals_own_against) = 139; saves lowered by 1 to the opponent's shots on target in fixture 1208066, 1208147, 1208212, 1208234, 1208253, 1208291."
PL,2024,40,shots_inside_box,480,,"Liverpool, Premier League 2024-25: 38 matches. sum(shots_inside_box) = 480."
PL,2024,40,shots_inside_box_pct,480,648,"Liverpool, Premier League 2024-25: 38 matches. sum(shots_inside_box) = 480; sum(shots) = 648."
PL,2024,40,shots_on_goal_against_per_match,141,38,"Liverpool, Premier League 2024-25: 38 matches. sum(shots_on_target_against) = 141; matches = 38."
PL,2024,40,shots_on_goal_difference_per_match,90,38,"Liverpool, Premier League 2024-25: 38 matches. sum(shots_on_target - shots_on_target_against) = 90; matches = 38."
PL,2024,40,shots_on_goal_pct,231,648,"Liverpool, Premier League 2024-25: 38 matches. sum(shots_on_target) = 231; sum(shots) = 648."
PL,2024,40,shots_on_goal_per_match,231,38,"Liverpool, Premier League 2024-25: 38 matches. sum(shots_on_target) = 231; matches = 38."
PL,2024,40,shots_per_match,648,38,"Liverpool, Premier League 2024-25: 38 matches. sum(shots) = 648; matches = 38."
PL,2024,40,shots_share_pct,648,1035,"Liverpool, Premier League 2024-25: 38 matches. sum(shots) = 648; sum(shots + shots_against) = 1035."
PL,2024,40,tackles_per_match,648,38,"Liverpool, Premier League 2024-25: 38 matches. sum(tackles) = 648; matches = 38."
