fixture_id,team_id,stat,expected_value,rule,working
1575148,182,cards_red,0,,"Bundesliga 2026, 3-3. Neither line has a red-card value; the match's events were delivered and list two yellow cards and no red card for this team, so its blank red cards are 0."
1575148,182,cards_yellow,2,,"Same match: the provider delivered 2 yellow cards, and the cleaning keeps them."
37932,94,cards_red,0,,"Ligue 1 2018, 3-1. This team's red cards are blank; the other team's line has a red-card value (1), so the provider counted reds in this match and the blank is 0."
37932,94,goals_penalty,1,,"Same match: the team's goal events are a penalty and two open-play goals, 3, its score, so it scored 1 penalty."
37932,94,goals_own,0,,"Same match: no own goal among the three goal events that make up its score."
214224,538,cards_yellow,,,"La Liga 2019, 0-0. Neither line has a yellow-card value and the events list a yellow card for this team, so nothing proves a zero and the events never give a card count: blank."
214224,545,cards_yellow,0,,"Same match, the other team: neither line has a yellow-card value, the match's events were delivered (a card) and this team has no card event, so its yellow cards are 0."
1545408,84,saves,0,,"Ligue 1 2025, 0-0. Neither line has a saves value; the other team's line shows 0 shots on target, so this team's keeper had nothing to save: 0."
1575152,170,goals_own,1,,"Bundesliga 2026, 4-1. The team's goal events are one own goal (filed under the team it counts for) and three open-play goals, 4, its score: 1 own goal."
1575152,170,goals_penalty,0,,"Same match: none of its four goal events is a penalty."
1557377,42,goals_penalty,,,"Premier League 2026, 1-0. The events list two open-play goals for this team against a score of 1, so they do not add up and its penalties are unknown: blank."
1575174,163,goals_penalty,1,,"Bundesliga 2026, 3-4. Goal events: two open-play goals and a penalty, 3, the score; the missed penalty is no goal: 1 penalty."
1641074,8941,goals_penalty,,,"FA Cup 2026, 4-5. The provider sent no events for the match (no substitution or card), so nothing proves how the 4 goals were scored: blank."
1641074,8941,cards_red,,,"Same match: no statistics line and no events, so nothing proves a zero: blank."
1388000,83,goals_penalty,0,,"Ligue 1 2025, 0-0, no events delivered. A team that scored none scored no penalty: 0."
996443,1166,saves,,limited_to_opponent_shots_on_target,"Jupiler Pro League 2023, 1-0. Saves 6 against the other team's 3 shots on target and no missed penalty, a ceiling of 3; that figure passes its own check (at least its 0 open-play goals, at most its 5 shots), but the gap is 3, over 2: blank."
1575173,1660,saves,1,limited_to_opponent_shots_on_target,"Bundesliga 2026, 0-0. Saves 2 against the other team's 1 shot on target and no missed penalty, a ceiling of 1; that figure passes its own check (at least its 0 goals, at most its 13 shots); gap 1: lowered to 1."
1550091,495,saves,2,,"Serie A 2026, 0-2. Saves 2 against the other team's 4 shots on target, which its own 2 open-play goals do not exceed: 2 stays, no rule fires."
1550091,492,shots_on_target,4,,"Same match, the other team: 2 open-play goals (two goal events, no penalty or own goal) from 4 shots on target: no raise."
11112,165,shots_inside_box,11,limited_to_whole,"Bundesliga 2017, 4-4. 12 shots inside the box out of 11 shots; gap 1: lowered to 11, and with 0 outside the box the split then adds up to the 11 shots."
35887,85,shots_inside_box,10,own_goals_left_out,"Ligue 1 2017, 3-0. 11 inside the box plus 11 outside is 22 against 21 shots, which 8 on target, 7 off target and 6 blocked vouch for; the one-shot gap is the own goal credited to the team (its goal events: an own goal and two open-play goals, its score), counted as a shot: inside the box 10."
1388490,192,shots_inside_box,,split_does_not_add_up,"Bundesliga 2025, 1-2. 10 inside the box plus 1 outside is 11, not the 10 shots, and nothing tells which part is wrong: blank."
1388490,192,shots_outside_box,,split_does_not_add_up,"Same line: outside the box is left blank with inside the box."
1388490,192,shots,10,,"Same line: the total stands; 3 on target, 4 off target and 3 blocked add up to it."
1570348,4665,shots_off_target,,split_does_not_add_up,"La Liga 2026, 0-1. 3 on target, 3 off target and 1 blocked is 7, not the 6 shots: off target and blocked are left blank."
1570348,4665,shots_on_target,3,,"Same line: shots on target stay at 3, between the team's 0 open-play goals and its 6 shots."
1552736,80,shots_on_target,3,,"Ligue 1 2026, 2-0. Two open-play goals (no penalty or own goal among its two goal events) from 3 shots on target: no raise."
1552736,80,shots_blocked,3,,"Same line: 3 on target, 5 off target and 3 blocked is 11, the 11 shots: the split adds up and stays."
1550940,2288,shots,13,,"Liga MX 2026, 1-3. One open-play goal from 4 shots on target, and 13 shots: no raise."
1550940,2295,shots_on_target,8,,"Same match, the other team: 3 open-play goals from 8 shots on target: no raise."
1550940,2295,shots,22,,"Same team: 22 shots against 8 on target: no raise."
1223728,502,cards_red,0,,"Serie A 2024, 3-0, no statistics line for either team. The match's events were delivered and list one yellow card and no red card for this team: 0 red cards."
1223728,502,cards_yellow,,,"Same team: a yellow-card event and no line, and the events never give a card count: blank."
1223728,502,goals_penalty,0,,"Same team: three open-play goal events, its score: 0 penalties."
1223728,505,cards_yellow,0,,"Same match, the other team: no card event of its own in a match whose events were delivered: 0 yellow cards."
1311456,5277,shots_on_target,2,raised_to_open_play_goals,"Copa del Rey 2024, 2-1. Its goal events are two open-play goals, 2, its score; 1 shot on target against 2 open-play goals, a gap of 1: raised to 2."
1311456,5277,shots,2,raised_to_shots_on_target,"Same line: 1 shot against its 2 shots on target, a gap of 1: raised to 2."
